АЗС_CODE,PRODNAME,TANKNUM,ДАТА,HOUR,КОЛИЧЕСТВО
Z045,3300000002,3,03.06.2024,11,1391.76
Z045,3300000002,3,04.06.2024,10,1336
Z045,3300000002,3,09.06.2024,11,935
Z045,3300000002,3,11.06.2024,08,1184
Z045,3300000002,3,11.06.2024,14,1513
Z045,3300000002,3,14.06.2024,23,1021
Z045,3300000002,3,17.06.2024,07,982
Z045,3300000002,3,24.06.2024,00,805
Z045,3300000002,3,05.07.2024,05,67
Z045,3300000002,3,07.07.2024,07,563
Z045,3300000002,3,11.07.2024,14,1385
Z045,3300000002,3,11.07.2024,21,1249
Z045,3300000002,3,14.07.2024,08,469
Z045,3300000002,3,22.07.2024,13,1449.4
Z045,3300000002,3,23.07.2024,18,1249.74
Z045,3300000002,3,24.07.2024,22,978
Z045,3300000002,3,05.08.2024,05,106
Z045,3300000002,3,13.08.2024,13,1156
Z045,3300000002,3,22.08.2024,16,1251.56
Z045,3300000002,3,30.08.2024,02,564
Z045,3300000002,3,07.06.2024,01,501
Z045,3300000002,3,13.06.2024,17,1113
Z045,3300000002,3,14.06.2024,21,1646
Z045,3300000002,3,27.06.2024,02,556
Z045,3300000002,3,01.07.2024,01,911
Z045,3300000002,3,05.07.2024,10,1143
Z045,3300000002,3,16.07.2024,03,240
Z045,3300000002,3,21.07.2024,18,1209
Z045,3300000002,3,04.08.2024,04,188
Z045,3300000002,3,04.08.2024,08,595
Z045,3300000002,3,07.08.2024,18,764
Z045,3300000002,3,17.08.2024,21,1175
Z045,3300000002,3,05.09.2024,21,1411
Z045,3300000002,3,03.06.2024,09,1505
Z045,3300000002,3,03.06.2024,13,1190
Z045,3300000002,3,07.06.2024,14,1367
Z045,3300000002,3,11.06.2024,17,1194.59
Z045,3300000002,3,19.06.2024,00,722
Z045,3300000002,3,20.06.2024,05,205
Z045,3300000002,3,25.06.2024,18,680
Z045,3300000002,3,29.06.2024,07,628
Z045,3300000002,3,29.06.2024,09,1017
Z045,3300000002,3,30.06.2024,20,1075
Z045,3300000002,3,03.07.2024,21,1188
Z045,3300000002,3,16.07.2024,08,814
Z045,3300000002,3,20.07.2024,23,1004
Z045,3300000002,3,26.07.2024,04,264
Z045,3300000002,3,26.07.2024,16,1219
Z045,3300000002,3,28.07.2024,06,91
Z045,3300000002,3,04.08.2024,09,879
Z045,3300000002,3,11.08.2024,18,1278.59
Z045,3300000002,3,16.08.2024,11,1360
Z045,3300000002,3,18.08.2024,20,1331
Z045,3300000002,3,22.08.2024,12,1103.06
Z045,3300000002,3,02.09.2024,06,288
Z045,3300000002,3,08.09.2024,00,954
Z045,3300000002,3,03.06.2024,08,840
Z045,3300000002,3,07.06.2024,10,1426
Z045,3300000002,3,09.06.2024,22,1233
Z045,3300000002,3,13.06.2024,07,771
Z045,3300000002,3,16.06.2024,02,372
Z045,3300000002,3,16.06.2024,15,982
Z045,3300000002,3,20.06.2024,09,1297
Z045,3300000002,3,26.06.2024,20,1173
Z045,3300000002,3,01.07.2024,12,1304
Z045,3300000002,3,05.07.2024,22,1090
Z045,3300000002,3,16.07.2024,05,209
Z045,3300000002,3,19.07.2024,06,281
Z045,3300000002,3,25.07.2024,05,287
Z045,3300000002,3,15.08.2024,16,1051
Z045,3300000002,3,27.08.2024,03,194
Z045,3300000002,3,02.09.2024,22,1302
Z045,3300000002,3,05.09.2024,01,400
Z045,3300000002,3,09.06.2024,20,1213
Z045,3300000002,3,19.06.2024,11,1094
Z045,3300000002,3,27.06.2024,22,1231
Z045,3300000002,3,29.06.2024,21,1014
Z045,3300000002,3,07.07.2024,20,916
Z045,3300000002,3,11.07.2024,16,1177.02
Z045,3300000002,3,20.07.2024,22,1298
Z045,3300000002,3,21.07.2024,01,710
Z045,3300000002,3,27.07.2024,16,1357
Z045,3300000002,3,03.08.2024,05,497
Z045,3300000002,3,04.08.2024,23,1068
Z045,3300000002,3,14.08.2024,20,1137
Z045,3300000002,3,26.08.2024,07,1007
Z045,3300000002,3,08.06.2024,04,286
Z045,3300000002,3,15.06.2024,18,1316
Z045,3300000002,3,23.06.2024,17,1284
Z045,3300000002,3,24.06.2024,22,1092
Z045,3300000002,3,27.06.2024,10,1344
Z045,3300000002,3,28.06.2024,10,1368
Z045,3300000002,3,03.07.2024,01,430
Z045,3300000002,3,08.08.2024,17,1351
Z045,3300000002,3,10.08.2024,01,608
Z045,3300000002,3,15.08.2024,03,159
Z045,3300000002,3,15.08.2024,04,23
Z045,3300000002,3,22.08.2024,10,1258
Z045,3300000002,3,26.08.2024,12,991.13
Z045,3300000002,3,27.08.2024,16,1392
Z045,3300000002,3,28.08.2024,19,1195
Z045,3300000002,3,31.08.2024,14,759.65
Z045,3300000002,3,01.09.2024,01,908
Z045,3300000002,3,01.09.2024,10,1370
Z045,3300000002,3,05.09.2024,08,1133
Z045,3300000002,3,08.06.2024,16,856
Z045,3300000002,3,12.06.2024,06,463
Z045,3300000002,3,18.06.2024,13,947.4
Z045,3300000002,3,18.06.2024,17,1308
Z045,3300000002,3,18.06.2024,20,1409
Z045,3300000002,3,19.06.2024,22,1113
Z045,3300000002,3,21.06.2024,08,1208
Z045,3300000002,3,21.06.2024,14,1316
Z045,3300000002,3,26.06.2024,06,488
Z045,3300000002,3,28.06.2024,19,1241
Z045,3300000002,3,30.06.2024,02,470
Z045,3300000002,3,10.07.2024,16,1156.61
Z045,3300000002,3,13.07.2024,12,1328
Z045,3300000002,3,20.07.2024,12,943
Z045,3300000002,3,23.07.2024,03,289
Z045,3300000002,3,23.07.2024,04,313
Z045,3300000002,3,24.07.2024,14,1361
Z045,3300000002,3,24.07.2024,20,1328
Z045,3300000002,3,25.07.2024,04,253
Z045,3300000002,3,07.08.2024,04,260
Z045,3300000002,3,09.08.2024,12,1609
Z045,3300000002,3,10.08.2024,04,239
Z045,3300000002,3,10.08.2024,12,1654
Z045,3300000002,3,12.08.2024,10,1334
Z045,3300000002,3,19.08.2024,01,441
Z045,3300000002,3,24.08.2024,12,1120.09
Z045,3300000002,3,24.08.2024,22,845
Z045,3300000002,3,31.08.2024,09,1102
Z045,3300000002,3,04.06.2024,01,698
Z045,3300000002,3,06.06.2024,18,1109
Z045,3300000002,3,16.06.2024,14,877
Z045,3300000002,3,24.06.2024,13,988
Z045,3300000002,3,03.07.2024,18,706
Z045,3300000002,3,03.07.2024,20,1079
Z045,3300000002,3,04.07.2024,22,904
Z045,3300000002,3,08.07.2024,22,878
Z045,3300000002,3,09.07.2024,04,269
Z045,3300000002,3,17.07.2024,19,941
Z045,3300000002,3,26.07.2024,03,313
Z045,3300000002,3,02.08.2024,04,127
Z045,3300000002,3,05.08.2024,06,194
Z045,3300000002,3,08.08.2024,04,116
Z045,3300000002,3,09.08.2024,15,1653
Z045,3300000002,3,14.08.2024,13,909
Z045,3300000002,3,18.08.2024,08,530
Z045,3300000002,3,21.08.2024,19,994.73
Z045,3300000002,3,23.08.2024,18,1064
Z045,3300000002,3,24.08.2024,18,1151.86
Z045,3300000002,3,01.06.2024,01,758
Z045,3300000002,3,02.06.2024,16,887
Z045,3300000002,3,03.06.2024,16,1339
Z045,3300000002,3,09.06.2024,10,881
Z045,3300000002,3,13.06.2024,10,1500
Z045,3300000002,3,14.06.2024,03,219
Z045,3300000002,3,17.06.2024,10,1566
Z045,3300000002,3,18.06.2024,00,737
Z045,3300000002,3,19.06.2024,18,1152.25
Z045,3300000002,3,16.07.2024,14,1297
Z045,3300000002,3,20.07.2024,20,1051
Z045,3300000002,3,02.08.2024,23,1191
Z045,3300000002,3,06.08.2024,05,158
Z045,3300000002,3,15.08.2024,20,1220
Z045,3300000002,3,25.08.2024,16,1185
Z045,3300000002,3,03.09.2024,18,1163
Z045,3300000002,3,10.06.2024,15,994
Z045,3300000002,3,15.06.2024,12,1239.55
Z045,3300000002,3,17.06.2024,06,420
Z045,3300000002,3,29.06.2024,15,1033.02
Z045,3300000002,3,02.07.2024,06,459
Z045,3300000002,3,04.07.2024,16,591
Z045,3300000002,3,06.07.2024,16,1296.33
Z045,3300000002,3,18.07.2024,08,894
Z045,3300000002,3,19.07.2024,12,1263
Z045,3300000002,3,23.07.2024,00,843
Z045,3300000002,3,25.07.2024,20,1111
Z045,3300000002,3,31.07.2024,08,872
Z045,3300000002,3,13.08.2024,19,1144
Z045,3300000002,3,15.08.2024,00,968
Z045,3300000002,3,17.08.2024,03,351
Z045,3300000002,3,20.08.2024,10,1748
Z045,3300000002,3,26.08.2024,02,219
Z045,3300000002,3,26.08.2024,23,862
Z045,3300000002,3,04.06.2024,12,1078.29
Z045,3300000002,3,17.06.2024,13,1191
Z045,3300000002,3,20.06.2024,01,624
Z045,3300000002,3,26.06.2024,07,735
Z045,3300000002,3,01.07.2024,03,208
Z045,3300000002,3,05.07.2024,23,1096
Z045,3300000002,3,12.07.2024,14,1359
Z045,3300000002,3,17.07.2024,20,987
Z045,3300000002,3,18.07.2024,16,873
Z045,3300000002,3,21.07.2024,22,1095
Z045,3300000002,3,22.07.2024,21,1253
Z045,3300000002,3,27.07.2024,11,1342.66
Z045,3300000002,3,30.07.2024,12,1381
Z045,3300000002,3,20.08.2024,06,368
Z045,3300000002,3,20.08.2024,23,1054
Z045,3300000002,3,21.08.2024,16,1365
Z045,3300000002,3,25.08.2024,11,1240
Z045,3300000002,3,31.08.2024,13,1154.92
Z045,3300000002,3,03.09.2024,09,1186
Z045,3300000002,3,04.09.2024,01,466
Z045,3300000002,3,05.09.2024,00,850
Z045,3300000002,3,17.06.2024,11,1079.2
Z045,3300000002,3,05.07.2024,08,1014
Z045,3300000002,3,09.07.2024,01,671
Z045,3300000002,3,11.07.2024,15,1033.95
Z045,3300000002,3,15.07.2024,14,1302
Z045,3300000002,3,27.07.2024,14,1115
Z045,3300000002,3,29.07.2024,03,357
Z045,3300000002,3,06.08.2024,15,1244
Z045,3300000002,3,07.08.2024,10,1329
Z045,3300000002,3,14.08.2024,15,1087
Z045,3300000002,3,20.08.2024,02,170
Z045,3300000002,3,26.08.2024,15,1226
Z045,3300000002,3,07.09.2024,21,1290
Z045,3300000002,3,02.06.2024,15,1130
Z045,3300000002,3,06.06.2024,09,1296
Z045,3300000002,3,10.06.2024,17,1320
Z045,3300000002,3,11.06.2024,01,510
Z045,3300000002,3,20.06.2024,23,1255
Z045,3300000002,3,25.06.2024,12,1112.77
Z045,3300000002,3,01.07.2024,18,1046
Z045,3300000002,3,07.07.2024,15,1099
Z045,3300000002,3,12.07.2024,11,1452.07
Z045,3300000002,3,18.07.2024,15,953
Z045,3300000002,3,21.07.2024,14,1001
Z045,3300000002,3,25.07.2024,01,843
Z045,3300000002,3,29.07.2024,02,346
Z045,3300000002,3,04.08.2024,16,1173
Z045,3300000002,3,07.08.2024,01,748
Z045,3300000002,3,13.08.2024,04,119
Z045,3300000002,3,17.08.2024,19,1173
Z045,3300000002,3,24.08.2024,11,1069.92
Z045,3300000002,3,24.08.2024,14,1123
Z045,3300000002,3,04.06.2024,11,1071
Z045,3300000002,3,11.06.2024,03,347
Z045,3300000002,3,19.06.2024,21,1128
Z045,3300000002,3,21.06.2024,20,1324
Z045,3300000002,3,22.06.2024,07,832
Z045,3300000002,3,24.06.2024,09,1341
Z045,3300000002,3,09.07.2024,18,1025
Z045,3300000002,3,13.07.2024,19,1285
Z045,3300000002,3,15.07.2024,00,752
Z045,3300000002,3,20.07.2024,10,1297
Z045,3300000002,3,26.07.2024,18,1324
Z045,3300000002,3,30.07.2024,15,1565
Z045,3300000002,3,03.08.2024,07,732
Z045,3300000002,3,06.08.2024,20,1471
Z045,3300000002,3,08.08.2024,14,1354
Z045,3300000002,3,11.08.2024,17,1950.98
Z045,3300000002,3,17.08.2024,10,1345.74
Z045,3300000002,3,24.08.2024,01,549
Z045,3300000002,3,13.06.2024,13,1474
Z045,3300000002,3,16.06.2024,13,1002.6
Z045,3300000002,3,21.06.2024,03,463
Z045,3300000002,3,02.07.2024,20,988
Z045,3300000002,3,03.07.2024,17,1070
Z045,3300000002,3,04.07.2024,23,1284
Z045,3300000002,3,07.07.2024,13,1167
Z045,3300000002,3,11.07.2024,12,1381.49
Z045,3300000002,3,20.07.2024,01,840
Z045,3300000002,3,21.07.2024,05,254
Z045,3300000002,3,27.07.2024,08,1048
Z045,3300000002,3,27.07.2024,15,1281.42
Z045,3300000002,3,04.08.2024,21,1188
Z045,3300000002,3,12.08.2024,17,1347.08
Z045,3300000002,3,16.08.2024,20,1174
Z045,3300000002,3,18.08.2024,01,591
Z045,3300000002,3,26.08.2024,19,1017
Z045,3300000002,3,03.09.2024,05,268
Z045,3300000002,3,04.09.2024,16,1497.21
Z045,3300000002,3,06.09.2024,00,1042
Z045,3300000002,3,08.09.2024,22,1159
Z045,3300000002,3,04.06.2024,04,179
Z045,3300000002,3,08.06.2024,07,538
Z045,3300000002,3,20.06.2024,10,1215
Z045,3300000002,3,22.06.2024,08,827
Z045,3300000002,3,27.06.2024,01,694
Z045,3300000002,3,09.07.2024,06,256
Z045,3300000002,3,10.07.2024,06,404
Z045,3300000002,3,13.07.2024,15,1074
Z045,3300000002,3,29.07.2024,09,1071
Z045,3300000002,3,30.07.2024,19,1288
Z045,3300000002,3,31.07.2024,14,1119
Z045,3300000002,3,12.08.2024,04,122
Z045,3300000002,3,13.08.2024,10,1352
Z045,3300000002,3,20.08.2024,18,1270
Z045,3300000002,3,24.08.2024,16,1398
Z045,3300000002,3,25.08.2024,00,684
Z045,3300000002,3,28.08.2024,21,1219
Z045,3300000002,3,09.06.2024,06,239
Z045,3300000002,3,13.06.2024,15,1252.55
Z045,3300000002,3,14.06.2024,13,995
Z045,3300000002,3,17.06.2024,20,1110
Z045,3300000002,3,18.06.2024,08,940
Z045,3300000002,3,22.06.2024,21,1250
Z045,3300000002,3,09.07.2024,19,1205
Z045,3300000002,3,16.07.2024,15,1336
Z045,3300000002,3,20.07.2024,13,1427
Z045,3300000002,3,29.07.2024,07,249
Z045,3300000002,3,30.07.2024,20,1392
Z045,3300000002,3,30.07.2024,22,1361
Z045,3300000002,3,31.07.2024,12,970
Z045,3300000002,3,02.08.2024,06,446
Z045,3300000002,3,02.08.2024,08,1380
Z045,3300000002,3,21.08.2024,03,222
Z045,3300000002,3,23.08.2024,16,1293.5
Z045,3300000002,3,23.08.2024,23,893
Z045,3300000002,3,02.09.2024,11,1274.83
Z045,3300000002,3,04.06.2024,19,764
Z045,3300000002,3,04.06.2024,22,1416
Z045,3300000002,3,06.06.2024,05,95
Z045,3300000002,3,21.06.2024,00,1215
Z045,3300000002,3,22.06.2024,22,1070
Z045,3300000002,3,23.06.2024,11,1007
Z045,3300000002,3,01.07.2024,23,1080
Z045,3300000002,3,03.07.2024,00,674
Z045,3300000002,3,20.07.2024,14,1135
Z045,3300000002,3,22.07.2024,10,1351
Z045,3300000002,3,23.07.2024,06,486
Z045,3300000002,3,04.08.2024,11,917.56
Z045,3300000002,3,09.08.2024,23,1063
Z045,3300000002,3,19.08.2024,08,700
Z045,3300000002,3,25.08.2024,09,480
Z045,3300000002,3,27.08.2024,01,146
Z045,3300000002,3,30.08.2024,08,693
Z045,3300000002,3,01.09.2024,22,1192
Z045,3300000002,3,08.09.2024,04,195
Z045,3300000002,3,06.06.2024,16,1395
Z045,3300000002,3,07.06.2024,03,240
Z045,3300000002,3,12.06.2024,09,1247
Z045,3300000002,3,17.06.2024,16,1576
Z045,3300000002,3,24.06.2024,21,1058
Z045,3300000002,3,02.07.2024,04,135
Z045,3300000002,3,11.07.2024,04,163
Z045,3300000002,3,11.07.2024,20,1174
Z045,3300000002,3,12.07.2024,06,338
Z045,3300000002,3,19.07.2024,08,901
Z045,3300000002,3,21.07.2024,13,1344
Z045,3300000002,3,22.07.2024,08,972
Z045,3300000002,3,22.07.2024,15,1411
Z045,3300000002,3,06.08.2024,16,1355.78
Z045,3300000002,3,09.08.2024,07,1025
Z045,3300000002,3,21.08.2024,20,1380
Z045,3300000002,3,28.08.2024,15,1291.64
Z045,3300000002,3,01.09.2024,00,954
Z045,3300000002,3,04.09.2024,00,713
Z045,3300000002,3,07.09.2024,02,490
Z045,3300000002,3,02.06.2024,06,171
Z045,3300000002,3,07.06.2024,09,1399
Z045,3300000002,3,13.06.2024,01,569
Z045,3300000002,3,15.06.2024,11,1485
Z045,3300000002,3,15.06.2024,19,1029
Z045,3300000002,3,27.06.2024,00,1089
Z045,3300000002,3,04.07.2024,06,300
Z045,3300000002,3,08.07.2024,10,1134
Z045,3300000002,3,18.07.2024,13,1082
Z045,3300000002,3,22.07.2024,06,382
Z045,3300000002,3,27.07.2024,23,963
Z045,3300000002,3,29.07.2024,18,831.84
Z045,3300000002,3,29.07.2024,23,724
Z045,3300000002,3,31.07.2024,03,96
Z045,3300000002,3,02.08.2024,10,1148
Z045,3300000002,3,11.08.2024,10,979
Z045,3300000002,3,15.08.2024,02,359
Z045,3300000002,3,20.08.2024,16,1577
Z045,3300000002,3,21.08.2024,22,1160
Z045,3300000002,3,24.08.2024,23,691
Z045,3300000002,3,03.06.2024,06,373
Z045,3300000002,3,03.06.2024,22,1109
Z045,3300000002,3,04.06.2024,23,890
Z045,3300000002,3,08.06.2024,21,1254
Z045,3300000002,3,23.06.2024,16,1158.1
Z045,3300000002,3,30.06.2024,18,1430
Z045,3300000002,3,04.07.2024,08,1079
Z045,3300000002,3,09.07.2024,12,986
Z045,3300000002,3,19.07.2024,23,1253
Z045,3300000002,3,24.07.2024,06,398
Z045,3300000002,3,31.07.2024,15,1272
Z045,3300000002,3,01.08.2024,03,184
Z045,3300000002,3,03.08.2024,23,982
Z045,3300000002,3,05.08.2024,00,846
Z045,3300000002,3,06.08.2024,01,703
Z045,3300000002,3,10.08.2024,07,805
Z045,3300000002,3,10.08.2024,16,1452.92
Z045,3300000002,3,18.08.2024,05,265
Z045,3300000002,3,26.08.2024,16,1136.5
Z045,3300000002,3,03.09.2024,17,1194
Z045,3300000002,3,05.09.2024,04,170
Z045,3300000002,3,06.09.2024,02,357
Z045,3300000002,3,10.06.2024,01,529
Z045,3300000002,3,12.06.2024,13,1030.38
Z045,3300000002,3,15.06.2024,01,819
Z045,3300000002,3,24.06.2024,19,898
Z045,3300000002,3,29.06.2024,11,1320.59
Z045,3300000002,3,07.07.2024,21,990
Z045,3300000002,3,08.07.2024,01,381
Z045,3300000002,3,14.07.2024,18,1324
Z045,3300000002,3,15.07.2024,20,1285
Z045,3300000002,3,19.07.2024,15,1221
Z045,3300000002,3,22.07.2024,19,1183
Z045,3300000002,3,25.07.2024,18,1263.22
Z045,3300000002,3,14.08.2024,14,1099.51
Z045,3300000002,3,20.08.2024,19,1891
Z045,3300000002,3,24.08.2024,15,1264
Z045,3300000002,3,05.09.2024,15,1324.35
Z045,3300000002,3,10.06.2024,00,837
Z045,3300000002,3,27.06.2024,06,698
Z045,3300000002,3,30.06.2024,09,392
Z045,3300000002,3,03.07.2024,04,214
Z045,3300000002,3,05.07.2024,13,980
Z045,3300000002,3,09.07.2024,21,868
Z045,3300000002,3,10.07.2024,22,1215
Z045,3300000002,3,25.07.2024,07,1195
Z045,3300000002,3,26.07.2024,07,787
Z045,3300000002,3,26.07.2024,20,1262
Z045,3300000002,3,07.08.2024,21,1128
Z045,3300000002,3,27.08.2024,11,1035
Z045,3300000002,3,02.09.2024,18,1022
Z045,3300000002,3,06.09.2024,18,896
Z045,3300000002,3,05.06.2024,21,1129
Z045,3300000002,3,06.06.2024,03,216
Z045,3300000002,3,22.06.2024,09,1096
Z045,3300000002,3,22.06.2024,15,962
Z045,3300000002,3,28.06.2024,07,982
Z045,3300000002,3,06.07.2024,07,608
Z045,3300000002,3,07.07.2024,22,1089
Z045,3300000002,3,13.07.2024,03,471
Z045,3300000002,3,15.07.2024,18,1206
Z045,3300000002,3,19.07.2024,21,1379
Z045,3300000002,3,30.07.2024,06,686
Z045,3300000002,3,14.08.2024,23,975
Z045,3300000002,3,18.08.2024,19,987
Z045,3300000002,3,22.08.2024,20,1222
Z045,3300000002,3,25.08.2024,08,536
Z045,3300000002,3,06.09.2024,07,1138
Z045,3300000002,3,01.06.2024,16,1196
Z045,3300000002,3,01.06.2024,22,1191
Z045,3300000002,3,24.06.2024,10,1282
Z045,3300000002,3,24.06.2024,17,1174.11
Z045,3300000002,3,01.07.2024,10,1631.11
Z045,3300000002,3,06.07.2024,23,1104
Z045,3300000002,3,08.07.2024,02,562
Z045,3300000002,3,08.07.2024,13,1158
Z045,3300000002,3,17.07.2024,22,1147
Z045,3300000002,3,18.07.2024,20,1702
Z045,3300000002,3,09.08.2024,14,1718
Z045,3300000002,3,12.08.2024,00,549
Z045,3300000002,3,12.08.2024,03,117
Z045,3300000002,3,14.08.2024,09,1339
Z045,3300000002,3,28.08.2024,12,1307
Z045,3300000002,3,01.09.2024,08,741
Z045,3300000002,3,07.09.2024,10,1412
Z045,3300000002,3,04.06.2024,20,840
Z045,3300000002,3,05.06.2024,01,507
Z045,3300000002,3,05.06.2024,07,981
Z045,3300000002,3,06.06.2024,02,265
Z045,3300000002,3,08.06.2024,18,1475
Z045,3300000002,3,09.06.2024,01,629
Z045,3300000002,3,13.06.2024,23,1064
Z045,3300000002,3,24.06.2024,12,982.08
Z045,3300000002,3,25.06.2024,17,1188
Z045,3300000002,3,04.07.2024,02,295
Z045,3300000002,3,10.07.2024,08,874
Z045,3300000002,3,25.07.2024,12,1268.42
Z045,3300000002,3,26.07.2024,14,1244
Z045,3300000002,3,27.07.2024,03,519
Z045,3300000002,3,09.08.2024,08,1584
Z045,3300000002,3,16.08.2024,09,1438
Z045,3300000002,3,18.08.2024,23,698
Z045,3300000002,3,22.08.2024,21,1229
Z045,3300000002,3,23.08.2024,13,1154
Z045,3300000002,3,29.08.2024,01,526
Z045,3300000002,3,07.09.2024,11,1299.41
Z045,3300000002,3,26.06.2024,19,1221
Z045,3300000002,3,08.07.2024,03,217
Z045,3300000002,3,08.07.2024,14,1128
Z045,3300000002,3,09.07.2024,00,562
Z045,3300000002,3,14.07.2024,20,932
Z045,3300000002,3,15.07.2024,16,1306.83
Z045,3300000002,3,27.07.2024,19,1087
Z045,3300000002,3,07.08.2024,14,1316
Z045,3300000002,3,12.08.2024,08,935
Z045,3300000002,3,23.08.2024,11,1352
Z045,3300000002,3,24.08.2024,19,1044
Z045,3300000002,3,24.08.2024,21,1192
Z045,3300000002,3,28.08.2024,06,404
Z045,3300000002,3,08.09.2024,15,1340
Z045,3300000002,3,01.06.2024,18,922
Z045,3300000002,3,02.06.2024,11,1145.03
Z045,3300000002,3,20.06.2024,11,1082
Z045,3300000002,3,02.07.2024,10,1379
Z045,3300000002,3,03.07.2024,23,1350
Z045,3300000002,3,08.07.2024,20,905
Z045,3300000002,3,11.07.2024,17,1372
Z045,3300000002,3,19.07.2024,17,1275.59
Z045,3300000002,3,15.08.2024,17,1030
Z045,3300000002,3,25.08.2024,14,1227
Z045,3300000002,3,26.08.2024,04,122
Z045,3300000002,3,10.06.2024,12,1338.37
Z045,3300000002,3,24.06.2024,03,267
Z045,3300000002,3,25.06.2024,19,1342
Z045,3300000002,3,27.06.2024,16,1211
Z045,3300000002,3,04.07.2024,07,705
Z045,3300000002,3,05.07.2024,03,168
Z045,3300000002,3,06.07.2024,15,1052
Z045,3300000002,3,12.07.2024,17,1280
Z045,3300000002,3,24.07.2024,18,1293.81
Z045,3300000002,3,28.07.2024,00,910
Z045,3300000002,3,08.08.2024,23,1054
Z045,3300000002,3,17.08.2024,13,1474
Z045,3300000002,3,21.08.2024,02,361
Z045,3300000002,3,28.08.2024,04,146
Z045,3300000002,3,08.09.2024,09,1119
Z045,3300000002,3,01.06.2024,06,189
Z045,3300000002,3,01.06.2024,11,1270.99
Z045,3300000002,3,02.06.2024,21,950
Z045,3300000002,3,07.06.2024,16,1218.39
Z045,3300000002,3,09.06.2024,14,901.06
Z045,3300000002,3,11.06.2024,16,1066
Z045,3300000002,3,13.06.2024,21,1426
Z045,3300000002,3,14.06.2024,08,770
Z045,3300000002,3,19.06.2024,23,968
Z045,3300000002,3,26.06.2024,04,60
Z045,3300000002,3,29.06.2024,13,1229
Z045,3300000002,3,02.07.2024,02,252
Z045,3300000002,3,03.07.2024,05,108
Z045,3300000002,3,10.07.2024,13,1217
Z045,3300000002,3,15.07.2024,12,1109.98
Z045,3300000002,3,20.07.2024,09,755
Z045,3300000002,3,20.07.2024,19,1141
Z045,3300000002,3,30.07.2024,00,996
Z045,3300000002,3,01.08.2024,10,1355
Z045,3300000002,3,03.08.2024,19,1030
Z045,3300000002,3,16.08.2024,12,1475
Z045,3300000002,3,17.08.2024,14,1039
Z045,3300000002,3,22.08.2024,02,347
Z045,3300000002,3,24.08.2024,10,1496
Z045,3300000002,3,04.09.2024,06,317
Z045,3300000002,3,07.09.2024,12,1323.69
Z045,3300000002,3,10.06.2024,16,1217
Z045,3300000002,3,11.06.2024,13,1192
Z045,3300000002,3,17.06.2024,03,240
Z045,3300000002,3,20.06.2024,16,1352.78
Z045,3300000002,3,04.07.2024,21,1086
Z045,3300000002,3,06.07.2024,11,1061
Z045,3300000002,3,11.07.2024,09,1319
Z045,3300000002,3,24.07.2024,11,1254
Z045,3300000002,3,25.07.2024,16,1188
Z045,3300000002,3,26.07.2024,08,1175
Z045,3300000002,3,27.07.2024,22,1077
Z045,3300000002,3,01.08.2024,00,1072
Z045,3300000002,3,02.08.2024,21,1123
Z045,3300000002,3,09.08.2024,17,1539
Z045,3300000002,3,10.08.2024,22,1234
Z045,3300000002,3,10.08.2024,23,928
Z045,3300000002,3,12.08.2024,05,148
Z045,3300000002,3,23.08.2024,10,1270
Z045,3300000002,3,23.08.2024,21,1113
Z045,3300000002,3,25.08.2024,02,410
Z045,3300000002,3,27.08.2024,02,214
Z045,3300000002,3,01.06.2024,02,504
Z045,3300000002,3,05.06.2024,13,979.6
Z045,3300000002,3,11.06.2024,20,1111
Z045,3300000002,3,19.06.2024,08,913
Z045,3300000002,3,22.06.2024,10,1476
Z045,3300000002,3,02.07.2024,23,690
Z045,3300000002,3,06.07.2024,00,944
Z045,3300000002,3,06.07.2024,08,764
Z045,3300000002,3,18.07.2024,06,373
Z045,3300000002,3,19.07.2024,13,947
Z045,3300000002,3,22.07.2024,17,1312.24
Z045,3300000002,3,25.07.2024,15,368
Z045,3300000002,3,27.07.2024,10,1249
Z045,3300000002,3,28.07.2024,10,1288
Z045,3300000002,3,30.07.2024,10,1328
Z045,3300000002,3,02.08.2024,16,1296
Z045,3300000002,3,04.08.2024,12,894
Z045,3300000002,3,14.08.2024,22,1113
Z045,3300000002,3,24.08.2024,06,352
Z045,3300000002,3,29.08.2024,23,1114
Z045,3300000002,3,31.08.2024,03,443
Z045,3300000002,3,31.08.2024,08,708
Z045,3300000002,3,08.09.2024,13,1370
Z045,3300000002,3,12.06.2024,16,1385
Z045,3300000002,3,17.06.2024,21,1061
Z045,3300000002,3,21.06.2024,11,1667.49
Z045,3300000002,3,21.06.2024,15,1073
Z045,3300000002,3,26.06.2024,09,1331
Z045,3300000002,3,23.07.2024,16,1121
Z045,3300000002,3,30.07.2024,18,910
Z045,3300000002,3,31.07.2024,00,599
Z045,3300000002,3,01.08.2024,22,1475
Z045,3300000002,3,05.08.2024,21,1379
Z045,3300000002,3,07.08.2024,03,206
Z045,3300000002,3,09.08.2024,05,112
Z045,3300000002,3,11.08.2024,22,1175
Z045,3300000002,3,16.08.2024,05,313
Z045,3300000002,3,25.08.2024,04,190
Z045,3300000002,3,28.08.2024,10,1388.7
Z045,3300000002,3,29.08.2024,06,263
Z045,3300000002,3,02.06.2024,04,192
Z045,3300000002,3,16.06.2024,12,896.51
Z045,3300000002,3,18.06.2024,05,190
Z045,3300000002,3,25.06.2024,02,234
Z045,3300000002,3,28.06.2024,17,1372
Z045,3300000002,3,02.07.2024,08,1075
Z045,3300000002,3,04.07.2024,01,589
Z045,3300000002,3,13.07.2024,05,309
Z045,3300000002,3,13.07.2024,20,1309
Z045,3300000002,3,14.07.2024,23,872
Z045,3300000002,3,15.07.2024,22,1262
Z045,3300000002,3,16.07.2024,06,415
Z045,3300000002,3,19.07.2024,01,551
Z045,3300000002,3,22.07.2024,04,195
Z045,3300000002,3,24.07.2024,01,372
Z045,3300000002,3,31.07.2024,19,1189
Z045,3300000002,3,04.08.2024,19,1340
Z045,3300000002,3,11.08.2024,23,930
Z045,3300000002,3,21.08.2024,17,1039
Z045,3300000002,3,25.08.2024,05,204
Z045,3300000002,3,05.09.2024,12,1207.25
Z045,3300000002,3,01.06.2024,20,1139
Z045,3300000002,3,15.06.2024,08,1206
Z045,3300000002,3,20.06.2024,03,261
Z045,3300000002,3,24.06.2024,14,1162
Z045,3300000002,3,01.07.2024,07,864
Z045,3300000002,3,06.07.2024,10,1120.01
Z045,3300000002,3,12.07.2024,08,1199
Z045,3300000002,3,15.07.2024,03,236
Z045,3300000002,3,26.07.2024,12,672.94
Z045,3300000002,3,29.07.2024,00,996
Z045,3300000002,3,29.07.2024,14,923
Z045,3300000002,3,03.08.2024,02,356
Z045,3300000002,3,04.08.2024,01,332
Z045,3300000002,3,06.09.2024,23,763
Z045,3300000002,3,05.06.2024,02,203
Z045,3300000002,3,07.06.2024,17,1292
Z045,3300000002,3,07.06.2024,23,1258
Z045,3300000002,3,16.06.2024,05,411
Z045,3300000002,3,18.06.2024,21,1495
Z045,3300000002,3,28.06.2024,01,769
Z045,3300000002,3,28.06.2024,12,1205.3
Z045,3300000002,3,29.06.2024,22,1060
Z045,3300000002,3,02.07.2024,07,752
Z045,3300000002,3,05.07.2024,15,1237
Z045,3300000002,3,14.07.2024,02,452
Z045,3300000002,3,15.07.2024,10,1402
Z045,3300000002,3,21.07.2024,03,493
Z045,3300000002,3,23.07.2024,14,1305
Z045,3300000002,3,29.07.2024,22,1117
Z045,3300000002,3,02.08.2024,01,768
Z045,3300000002,3,18.08.2024,11,1237
Z045,3300000002,3,28.08.2024,22,1429
Z045,3300000002,3,07.09.2024,18,1196
Z045,3300000002,3,05.06.2024,16,1334
Z045,3300000002,3,13.06.2024,09,1208
Z045,3300000002,3,23.06.2024,14,1270
Z045,3300000002,3,23.06.2024,19,1086
Z045,3300000002,3,29.06.2024,00,928
Z045,3300000002,3,16.07.2024,13,1264
Z045,3300000002,3,21.07.2024,21,1165
Z045,3300000002,3,24.07.2024,23,1105
Z045,3300000002,3,07.08.2024,07,696
Z045,3300000002,3,18.08.2024,18,1075
Z045,3300000002,3,28.08.2024,20,1033
Z045,3300000002,3,12.06.2024,17,1345
Z045,3300000002,3,13.06.2024,14,1399.43
Z045,3300000002,3,16.06.2024,04,308
Z045,3300000002,3,17.07.2024,16,1471.21
Z045,3300000002,3,31.07.2024,04,244
Z045,3300000002,3,02.08.2024,19,1178
Z045,3300000002,3,09.08.2024,01,703
Z045,3300000002,3,17.08.2024,20,1429
Z045,3300000002,3,22.08.2024,08,986
Z045,3300000002,3,23.08.2024,09,1137
Z045,3300000002,3,28.08.2024,00,895
Z045,3300000002,3,06.09.2024,16,1522.68
Z045,3300000002,3,02.06.2024,07,368
Z045,3300000002,3,05.06.2024,10,1564
Z045,3300000002,3,08.06.2024,09,1189
Z045,3300000002,3,17.06.2024,22,1302
Z045,3300000002,3,27.06.2024,03,316
Z045,3300000002,3,28.06.2024,22,1295
Z045,3300000002,3,30.06.2024,10,740.09
Z045,3300000002,3,30.06.2024,15,1169
Z045,3300000002,3,07.07.2024,19,1394
Z045,3300000002,3,08.07.2024,06,227
Z045,3300000002,3,08.07.2024,15,1163
Z045,3300000002,3,08.07.2024,18,1007
Z045,3300000002,3,13.07.2024,01,866
Z045,3300000002,3,15.07.2024,02,435
Z045,3300000002,3,16.07.2024,20,1388
Z045,3300000002,3,20.07.2024,17,666
Z045,3300000002,3,22.07.2024,03,236
Z045,3300000002,3,29.07.2024,06,460
Z045,3300000002,3,31.07.2024,01,535
Z045,3300000002,3,02.08.2024,03,205
Z045,3300000002,3,07.08.2024,06,404
Z045,3300000002,3,07.08.2024,17,865
Z045,3300000002,3,08.08.2024,10,1814
Z045,3300000002,3,11.08.2024,01,679
Z045,3300000002,3,17.08.2024,04,267
Z045,3300000002,3,22.08.2024,14,1413
Z045,3300000002,3,30.08.2024,20,1202
Z045,3300000002,3,03.09.2024,08,897
Z045,3300000002,3,03.09.2024,23,1007
Z045,3300000002,3,09.06.2024,15,265
Z045,3300000002,3,11.06.2024,06,265
Z045,3300000002,3,13.06.2024,03,220
Z045,3300000002,3,16.06.2024,21,981
Z045,3300000002,3,21.06.2024,19,1544
Z045,3300000002,3,26.06.2024,23,1228
Z045,3300000002,3,30.06.2024,16,1330
Z045,3300000002,3,05.07.2024,12,928
Z045,3300000002,3,10.07.2024,20,1022
Z045,3300000002,3,16.07.2024,23,1220
Z045,3300000002,3,19.07.2024,03,299
Z045,3300000002,3,26.07.2024,05,169
Z045,3300000002,3,30.07.2024,01,474
Z045,3300000002,3,01.08.2024,16,631.2
Z045,3300000002,3,03.08.2024,01,694
Z045,3300000002,3,08.08.2024,06,511
Z045,3300000002,3,17.08.2024,15,989
Z045,3300000002,3,20.08.2024,14,1451
Z045,3300000002,3,01.09.2024,04,174
Z045,3300000002,3,03.09.2024,02,141
Z045,3300000002,3,08.09.2024,21,1386
Z045,3300000002,3,09.06.2024,04,277
Z045,3300000002,3,09.06.2024,08,490
Z045,3300000002,3,09.06.2024,23,870
Z045,3300000002,3,25.06.2024,03,98
Z045,3300000002,3,03.07.2024,09,477
Z045,3300000002,3,12.07.2024,05,193
Z045,3300000002,3,15.07.2024,19,1549
Z045,3300000002,3,22.07.2024,00,892
Z045,3300000002,3,02.08.2024,11,1053
Z045,3300000002,3,18.08.2024,22,1010
Z045,3300000002,3,25.08.2024,18,1344.3
Z045,3300000002,3,02.09.2024,13,1128
Z045,3300000002,3,03.09.2024,11,1194
Z045,3300000002,3,01.06.2024,00,
Z045,3300000002,3,03.06.2024,20,1351
Z045,3300000002,3,06.06.2024,11,1108.18
Z045,3300000002,3,09.06.2024,05,235
Z045,3300000002,3,19.06.2024,02,462
Z045,3300000002,3,27.06.2024,17,1172
Z045,3300000002,3,04.07.2024,00,833
Z045,3300000002,3,04.07.2024,10,1215
Z045,3300000002,3,20.07.2024,03,392
Z045,3300000002,3,21.07.2024,02,383
Z045,3300000002,3,29.07.2024,01,502
Z045,3300000002,3,04.08.2024,03,352
Z045,3300000002,3,05.08.2024,07,353
Z045,3300000002,3,19.08.2024,06,270
Z045,3300000002,3,27.08.2024,00,676
Z045,3300000002,3,27.08.2024,17,1070
Z045,3300000002,3,05.09.2024,11,1154.68
Z045,3300000002,3,05.09.2024,18,1631
Z045,3300000002,3,06.09.2024,01,487
Z045,3300000002,3,07.09.2024,15,1209
Z045,3300000002,3,02.06.2024,09,604
Z045,3300000002,3,03.06.2024,18,1284.49
Z045,3300000002,3,14.06.2024,14,1311
Z045,3300000002,3,16.06.2024,06,285
Z045,3300000002,3,26.06.2024,15,1363
Z045,3300000002,3,30.06.2024,00,1113
Z045,3300000002,3,14.07.2024,06,268
Z045,3300000002,3,23.07.2024,12,1366
Z045,3300000002,3,24.07.2024,15,1171
Z045,3300000002,3,28.07.2024,02,485
Z045,3300000002,3,28.07.2024,15,1028
Z045,3300000002,3,28.07.2024,21,1200
Z045,3300000002,3,30.07.2024,08,969
Z045,3300000002,3,18.08.2024,21,1036
Z045,3300000002,3,23.08.2024,01,462
Z045,3300000002,3,23.08.2024,03,223
Z045,3300000002,3,29.08.2024,14,851
Z045,3300000002,3,05.06.2024,05,231
Z045,3300000002,3,05.06.2024,17,1082
Z045,3300000002,3,08.06.2024,14,1425
Z045,3300000002,3,09.06.2024,07,488
Z045,3300000002,3,15.06.2024,14,1026
Z045,3300000002,3,19.06.2024,01,509
Z045,3300000002,3,25.06.2024,07,909
Z045,3300000002,3,30.06.2024,05,294
Z045,3300000002,3,30.06.2024,14,1170
Z045,3300000002,3,01.07.2024,00,771
Z045,3300000002,3,12.07.2024,23,990
Z045,3300000002,3,20.07.2024,04,409
Z045,3300000002,3,09.08.2024,02,273
Z045,3300000002,3,12.08.2024,22,1183
Z045,3300000002,3,13.08.2024,23,969
Z045,3300000002,3,19.08.2024,12,1020.64
Z045,3300000002,3,19.08.2024,14,1336
Z045,3300000002,3,23.08.2024,17,17
Z045,3300000002,3,26.08.2024,21,984
Z045,3300000002,3,28.08.2024,14,1495
Z045,3300000002,3,29.08.2024,00,778
Z045,3300000002,3,30.08.2024,13,1260
Z045,3300000002,3,01.09.2024,07,434
Z045,3300000002,3,04.09.2024,17,1294
Z045,3300000002,3,07.09.2024,23,1027
Z045,3300000002,3,01.06.2024,15,1072
Z045,3300000002,3,08.06.2024,10,1056
Z045,3300000002,3,10.06.2024,21,1144
Z045,3300000002,3,13.06.2024,00,804
Z045,3300000002,3,22.06.2024,16,1334.89
Z045,3300000002,3,24.06.2024,02,422
Z045,3300000002,3,24.06.2024,18,1169
Z045,3300000002,3,28.06.2024,15,1461
Z045,3300000002,3,12.07.2024,15,1512
Z045,3300000002,3,13.07.2024,14,1522
Z045,3300000002,3,14.07.2024,05,312
Z045,3300000002,3,21.07.2024,04,240
Z045,3300000002,3,23.07.2024,08,1258
Z045,3300000002,3,23.07.2024,15,1526
Z045,3300000002,3,28.07.2024,20,1020
Z045,3300000002,3,31.07.2024,09,1110
Z045,3300000002,3,02.08.2024,18,1121.21
Z045,3300000002,3,05.08.2024,01,1009
Z045,3300000002,3,08.08.2024,07,781
Z045,3300000002,3,09.08.2024,03,91
Z045,3300000002,3,09.08.2024,16,1908.54
Z045,3300000002,3,13.08.2024,11,1289
Z045,3300000002,3,19.08.2024,18,981
Z045,3300000002,3,25.08.2024,10,1015
Z045,3300000002,3,29.08.2024,19,1226.38
Z045,3300000002,3,03.09.2024,06,456
Z045,3300000002,3,03.06.2024,10,1255
Z045,3300000002,3,18.06.2024,18,1169.26
Z045,3300000002,3,21.06.2024,21,1252
Z045,3300000002,3,02.07.2024,14,1090
Z045,3300000002,3,02.07.2024,22,863
Z045,3300000002,3,06.07.2024,20,1145
Z045,3300000002,3,09.07.2024,17,1094.82
Z045,3300000002,3,09.07.2024,22,1295
Z045,3300000002,3,29.07.2024,04,225
Z045,3300000002,3,06.08.2024,21,1133
Z045,3300000002,3,08.08.2024,03,292
Z045,3300000002,3,14.08.2024,07,749
Z045,3300000002,3,25.08.2024,17,1059.61
Z045,3300000002,3,29.08.2024,21,1410
Z045,3300000002,3,04.09.2024,22,1140
Z045,3300000002,3,06.06.2024,19,916
Z045,3300000002,3,12.06.2024,10,1471
Z045,3300000002,3,18.06.2024,23,1261
Z045,3300000002,3,19.06.2024,13,1469.98
Z045,3300000002,3,26.06.2024,22,1404
Z045,3300000002,3,29.06.2024,02,604
Z045,3300000002,3,01.07.2024,02,552
Z045,3300000002,3,04.07.2024,13,1189
Z045,3300000002,3,12.07.2024,12,1407
Z045,3300000002,3,21.07.2024,23,1034
Z045,3300000002,3,26.07.2024,17,1100.75
Z045,3300000002,3,03.08.2024,18,1275
Z045,3300000002,3,13.08.2024,20,1023
Z045,3300000002,3,14.08.2024,08,962
Z045,3300000002,3,19.08.2024,09,1229
Z045,3300000002,3,28.08.2024,11,1348.6
Z045,3300000002,3,04.09.2024,11,1043.67
Z045,3300000002,3,11.06.2024,00,879
Z045,3300000002,3,12.06.2024,23,1013
Z045,3300000002,3,14.06.2024,00,1027
Z045,3300000002,3,22.06.2024,06,319
Z045,3300000002,3,28.06.2024,16,1339.08
Z045,3300000002,3,03.07.2024,16,847
Z045,3300000002,3,08.07.2024,17,947.88
Z045,3300000002,3,13.07.2024,21,1329
Z045,3300000002,3,20.07.2024,07,665
Z045,3300000002,3,06.08.2024,03,165
Z045,3300000002,3,08.09.2024,07,877
Z045,3300000002,3,11.06.2024,21,1105
Z045,3300000002,3,23.06.2024,09,877
Z045,3300000002,3,23.06.2024,12,1041.18
Z045,3300000002,3,25.06.2024,15,474
Z045,3300000002,3,27.06.2024,07,733
Z045,3300000002,3,24.07.2024,12,1381.45
Z045,3300000002,3,26.07.2024,02,450
Z045,3300000002,3,29.07.2024,17,1134
Z045,3300000002,3,07.08.2024,05,247
Z045,3300000002,3,08.08.2024,22,1108
Z045,3300000002,3,10.08.2024,14,1623
Z045,3300000002,3,11.08.2024,02,451
Z045,3300000002,3,13.08.2024,02,355
Z045,3300000002,3,16.08.2024,08,954
Z045,3300000002,3,17.08.2024,22,1073
Z045,3300000002,3,20.08.2024,07,899
Z045,3300000002,3,30.08.2024,23,1008
Z045,3300000002,3,02.06.2024,13,1083
Z045,3300000002,3,08.06.2024,13,1161
Z045,3300000002,3,15.06.2024,07,1012
Z045,3300000002,3,20.06.2024,14,1291
Z045,3300000002,3,05.07.2024,21,1154
Z045,3300000002,3,10.07.2024,14,1285
Z045,3300000002,3,28.07.2024,09,649
Z045,3300000002,3,30.07.2024,02,302
Z045,3300000002,3,22.08.2024,09,1300
Z045,3300000002,3,22.08.2024,17,1413.94
Z045,3300000002,3,31.08.2024,04,140
Z045,3300000002,3,02.09.2024,08,957
Z045,3300000002,3,01.06.2024,10,1492
Z045,3300000002,3,01.06.2024,19,1329
Z045,3300000002,3,06.06.2024,15,1095
Z045,3300000002,3,10.06.2024,10,1548
Z045,3300000002,3,12.06.2024,02,355
Z045,3300000002,3,13.06.2024,06,149
Z045,3300000002,3,25.06.2024,05,176
Z045,3300000002,3,02.07.2024,00,745
Z045,3300000002,3,17.07.2024,08,915
Z045,3300000002,3,17.07.2024,17,1355
Z045,3300000002,3,26.07.2024,00,907
Z045,3300000002,3,29.07.2024,21,1448
Z045,3300000002,3,31.07.2024,10,1059
Z045,3300000002,3,31.07.2024,23,771
Z045,3300000002,3,02.08.2024,12,1431
Z045,3300000002,3,07.08.2024,19,1379
Z045,3300000002,3,09.08.2024,09,1584
Z045,3300000002,3,10.08.2024,18,1188
Z045,3300000002,3,14.08.2024,11,1485
Z045,3300000002,3,16.08.2024,19,1375
Z045,3300000002,3,16.08.2024,23,983
Z045,3300000002,3,24.08.2024,05,226
Z045,3300000002,3,24.08.2024,08,834
Z045,3300000002,3,27.08.2024,22,1338
Z045,3300000002,3,02.09.2024,15,1449
Z045,3300000002,3,03.06.2024,01,447
Z045,3300000002,3,08.06.2024,02,599
Z045,3300000002,3,10.06.2024,03,173
Z045,3300000002,3,11.06.2024,23,886
Z045,3300000002,3,15.06.2024,02,525
Z045,3300000002,3,20.06.2024,07,948
Z045,3300000002,3,25.06.2024,06,316
Z045,3300000002,3,26.06.2024,21,1318
Z045,3300000002,3,07.07.2024,03,359
Z045,3300000002,3,13.07.2024,02,427
Z045,3300000002,3,18.07.2024,12,941
Z045,3300000002,3,19.07.2024,04,120
Z045,3300000002,3,19.07.2024,14,1269
Z045,3300000002,3,03.08.2024,10,1599
Z045,3300000002,3,06.08.2024,08,1165
Z045,3300000002,3,06.08.2024,19,980
Z045,3300000002,3,07.08.2024,08,803
Z045,3300000002,3,08.08.2024,20,1374
Z045,3300000002,3,18.08.2024,07,378
Z045,3300000002,3,02.09.2024,01,584
Z045,3300000002,3,06.09.2024,03,261
Z045,3300000002,3,06.09.2024,09,1679
Z045,3300000002,3,07.09.2024,17,1226
Z045,3300000002,3,01.06.2024,14,1154.83
Z045,3300000002,3,11.06.2024,10,1242
Z045,3300000002,3,27.06.2024,12,684.55
Z045,3300000002,3,29.06.2024,18,1089
Z045,3300000002,3,01.07.2024,19,1343
Z045,3300000002,3,06.07.2024,14,1444
Z045,3300000002,3,08.07.2024,21,992
Z045,3300000002,3,16.07.2024,16,756
Z045,3300000002,3,28.07.2024,01,818
Z045,3300000002,3,04.08.2024,05,142
Z045,3300000002,3,19.08.2024,04,130
Z045,3300000002,3,20.08.2024,01,501
Z045,3300000002,3,21.08.2024,18,1288
Z045,3300000002,3,25.08.2024,06,268
Z045,3300000002,3,25.08.2024,13,788
Z045,3300000002,3,31.08.2024,15,809.32
Z045,3300000002,3,06.09.2024,13,1441
Z045,3300000002,3,07.09.2024,13,1405
Z045,3300000002,3,02.06.2024,05,134
Z045,3300000002,3,02.06.2024,12,681.83
Z045,3300000002,3,12.06.2024,07,792
Z045,3300000002,3,15.06.2024,13,1128
Z045,3300000002,3,18.06.2024,09,1459
Z045,3300000002,3,19.06.2024,17,1334
Z045,3300000002,3,21.06.2024,05,286
Z045,3300000002,3,25.06.2024,22,1279
Z045,3300000002,3,01.07.2024,16,1136
Z045,3300000002,3,02.07.2024,19,1031
Z045,3300000002,3,06.07.2024,17,1129
Z045,3300000002,3,09.07.2024,13,1229.95
Z045,3300000002,3,12.07.2024,00,870
Z045,3300000002,3,21.07.2024,10,933
Z045,3300000002,3,23.07.2024,01,511
Z045,3300000002,3,24.07.2024,19,1275.78
Z045,3300000002,3,02.08.2024,00,1115
Z045,3300000002,3,07.08.2024,12,1192.38
Z045,3300000002,3,12.08.2024,06,395
Z045,3300000002,3,13.08.2024,06,260
Z045,3300000002,3,17.08.2024,16,659
Z045,3300000002,3,19.08.2024,15,1127
Z045,3300000002,3,30.08.2024,01,698
Z045,3300000002,3,31.08.2024,19,1315
Z045,3300000002,3,02.09.2024,17,1158
Z045,3300000002,3,06.06.2024,21,1353
Z045,3300000002,3,09.06.2024,09,449
Z045,3300000002,3,15.06.2024,03,300
Z045,3300000002,3,16.06.2024,23,855
Z045,3300000002,3,18.06.2024,10,1257
Z045,3300000002,3,26.06.2024,11,1403
Z045,3300000002,3,02.07.2024,12,902
Z045,3300000002,3,09.07.2024,11,1424
Z045,3300000002,3,09.07.2024,16,1037
Z045,3300000002,3,03.08.2024,11,1158
Z045,3300000002,3,11.08.2024,16,1479
Z045,3300000002,3,15.08.2024,21,1408
Z045,3300000002,3,18.08.2024,15,1232
Z045,3300000002,3,23.08.2024,05,247
Z045,3300000002,3,23.08.2024,14,1252
Z045,3300000002,3,06.09.2024,12,1633
Z045,3300000002,3,07.09.2024,08,1228
Z045,3300000002,3,01.06.2024,09,1330
Z045,3300000002,3,08.06.2024,01,592
Z045,3300000002,3,19.06.2024,07,847
Z045,3300000002,3,23.06.2024,20,1311
Z045,3300000002,3,26.06.2024,08,873
Z045,3300000002,3,30.06.2024,12,705
Z045,3300000002,3,30.06.2024,19,952
Z045,3300000002,3,07.07.2024,04,281
Z045,3300000002,3,17.07.2024,02,354
Z045,3300000002,3,20.07.2024,06,309
Z045,3300000002,3,20.07.2024,15,1338
Z045,3300000002,3,31.07.2024,22,1421
Z045,3300000002,3,01.08.2024,11,920
Z045,3300000002,3,01.08.2024,23,1087
Z045,3300000002,3,04.08.2024,15,1268
Z045,3300000002,3,12.08.2024,14,1560
Z045,3300000002,3,17.08.2024,08,871
Z045,3300000002,3,19.08.2024,16,1340
Z045,3300000002,3,21.08.2024,06,502
Z045,3300000002,3,29.08.2024,03,248
Z045,3300000002,3,30.08.2024,19,955
Z045,3300000002,3,01.06.2024,03,271
Z045,3300000002,3,06.06.2024,17,1192.58
Z045,3300000002,3,11.06.2024,22,1083
Z045,3300000002,3,19.06.2024,09,1280
Z045,3300000002,3,21.06.2024,12,1597.39
Z045,3300000002,3,05.07.2024,18,1088
Z045,3300000002,3,16.07.2024,04,58
Z045,3300000002,3,19.07.2024,18,1321.95
Z045,3300000002,3,06.08.2024,00,1065
Z045,3300000002,3,13.08.2024,17,1094
Z045,3300000002,3,18.08.2024,02,470
Z045,3300000002,3,19.08.2024,03,216
Z045,3300000002,3,20.08.2024,12,1473.53
Z045,3300000002,3,21.08.2024,14,651
Z045,3300000002,3,01.09.2024,16,1154
Z045,3300000002,3,04.09.2024,10,1231.05
Z045,3300000002,3,04.09.2024,12,1406
Z045,3300000002,3,09.06.2024,00,761
Z045,3300000002,3,14.06.2024,16,1303.32
Z045,3300000002,3,15.06.2024,06,278
Z045,3300000002,3,27.06.2024,09,1211
Z045,3300000002,3,11.07.2024,00,798
Z045,3300000002,3,25.07.2024,09,1085
Z045,3300000002,3,06.08.2024,04,224
Z045,3300000002,3,07.08.2024,20,1298
Z045,3300000002,3,14.08.2024,05,88
Z045,3300000002,3,15.08.2024,15,1198
Z045,3300000002,3,19.08.2024,17,1275.81
Z045,3300000002,3,21.08.2024,15,1007
Z045,3300000002,3,22.08.2024,22,1289
Z045,3300000002,3,23.08.2024,04,170
Z045,3300000002,3,03.09.2024,13,928
Z045,3300000002,3,05.09.2024,20,1444
Z045,3300000002,3,02.06.2024,08,677
Z045,3300000002,3,03.06.2024,00,715
Z045,3300000002,3,28.06.2024,14,1259
Z045,3300000002,3,30.06.2024,23,987
Z045,3300000002,3,06.07.2024,12,1258
Z045,3300000002,3,12.07.2024,10,1534
Z045,3300000002,3,27.07.2024,20,1245
Z045,3300000002,3,30.07.2024,04,212
Z045,3300000002,3,01.08.2024,07,1016
Z045,3300000002,3,02.08.2024,02,238
Z045,3300000002,3,02.08.2024,17,1129.53
Z045,3300000002,3,06.08.2024,07,1271
Z045,3300000002,3,15.08.2024,08,935
Z045,3300000002,3,17.08.2024,12,1090
Z045,3300000002,3,18.08.2024,09,1044
Z045,3300000002,3,18.08.2024,14,1436
Z045,3300000002,3,23.08.2024,07,1035
Z045,3300000002,3,29.08.2024,11,999
Z045,3300000002,3,30.08.2024,15,1098.76
Z045,3300000002,3,07.09.2024,20,1357
Z045,3300000002,3,10.06.2024,23,939
Z045,3300000002,3,12.06.2024,01,633
Z045,3300000002,3,12.06.2024,15,1347
Z045,3300000002,3,17.06.2024,23,1246
Z045,3300000002,3,23.06.2024,01,849
Z045,3300000002,3,25.06.2024,11,1182
Z045,3300000002,3,15.07.2024,13,1074
Z045,3300000002,3,20.07.2024,16,1551.21
Z045,3300000002,3,21.07.2024,19,1174
Z045,3300000002,3,23.07.2024,22,957
Z045,3300000002,3,28.07.2024,03,352
Z045,3300000002,3,01.08.2024,20,589
Z045,3300000002,3,02.08.2024,09,1243
Z045,3300000002,3,14.08.2024,06,301
Z045,3300000002,3,14.08.2024,17,1207
Z045,3300000002,3,15.08.2024,09,1302
Z045,3300000002,3,26.08.2024,09,1372
Z045,3300000002,3,01.09.2024,13,1197.41
Z045,3300000002,3,05.09.2024,19,1332
Z045,3300000002,3,08.06.2024,05,348
Z045,3300000002,3,09.06.2024,12,829
Z045,3300000002,3,12.06.2024,21,1586
Z045,3300000002,3,22.06.2024,12,490.38
Z045,3300000002,3,27.06.2024,05,169
Z045,3300000002,3,27.06.2024,13,479
Z045,3300000002,3,29.06.2024,20,1329
Z045,3300000002,3,12.07.2024,16,1198.06
Z045,3300000002,3,14.07.2024,22,1344
Z045,3300000002,3,18.07.2024,05,216
Z045,3300000002,3,21.07.2024,16,818.38
Z045,3300000002,3,24.07.2024,04,347
Z045,3300000002,3,26.07.2024,09,1234
Z045,3300000002,3,28.07.2024,05,240
Z045,3300000002,3,01.08.2024,21,560
Z045,3300000002,3,11.08.2024,09,745
Z045,3300000002,3,15.08.2024,19,1117.02
Z045,3300000002,3,16.08.2024,03,150
Z045,3300000002,3,19.08.2024,07,953
Z045,3300000002,3,19.08.2024,11,1427.04
Z045,3300000002,3,20.08.2024,08,939
Z045,3300000002,3,20.08.2024,21,1428
Z045,3300000002,3,08.09.2024,08,586
Z045,3300000002,3,08.09.2024,14,1231
Z045,3300000002,3,02.06.2024,17,1043
Z045,3300000002,3,02.06.2024,20,924
Z045,3300000002,3,05.06.2024,08,807
Z045,3300000002,3,09.06.2024,17,1442
Z045,3300000002,3,10.06.2024,02,434
Z045,3300000002,3,12.06.2024,03,325
Z045,3300000002,3,14.06.2024,06,333
Z045,3300000002,3,14.06.2024,10,1072
Z045,3300000002,3,18.06.2024,01,563
Z045,3300000002,3,26.06.2024,03,218
Z045,3300000002,3,28.06.2024,13,1249
Z045,3300000002,3,29.06.2024,12,1200.58
Z045,3300000002,3,01.07.2024,14,631.38
Z045,3300000002,3,03.07.2024,07,467
Z045,3300000002,3,04.07.2024,03,329
Z045,3300000002,3,09.07.2024,03,260
Z045,3300000002,3,17.07.2024,00,736
Z045,3300000002,3,19.07.2024,19,1296
Z045,3300000002,3,30.07.2024,03,306
Z045,3300000002,3,10.08.2024,17,864
Z045,3300000002,3,11.08.2024,19,1165
Z045,3300000002,3,18.08.2024,17,944
Z045,3300000002,3,26.08.2024,14,1450
Z045,3300000002,3,29.08.2024,12,634.35
Z045,3300000002,3,08.09.2024,06,376
Z045,3300000002,3,04.06.2024,06,308
Z045,3300000002,3,16.06.2024,07,593
Z045,3300000002,3,22.06.2024,11,1038
Z045,3300000002,3,22.06.2024,17,1246
Z045,3300000002,3,27.06.2024,18,1101
Z045,3300000002,3,03.07.2024,22,962
Z045,3300000002,3,05.07.2024,06,168
Z045,3300000002,3,06.07.2024,22,1214
Z045,3300000002,3,07.07.2024,12,1013
Z045,3300000002,3,08.07.2024,19,836
Z045,3300000002,3,16.07.2024,19,980
Z045,3300000002,3,25.07.2024,17,1260.87
Z045,3300000002,3,03.08.2024,00,972
Z045,3300000002,3,13.08.2024,21,1218
Z045,3300000002,3,14.08.2024,02,306
Z045,3300000002,3,29.08.2024,10,1290
Z045,3300000002,3,31.08.2024,01,799
Z045,3300000002,3,23.06.2024,18,1272
Z045,3300000002,3,29.06.2024,10,1427
Z045,3300000002,3,04.07.2024,11,1044.16
Z045,3300000002,3,04.07.2024,14,1166
Z045,3300000002,3,07.07.2024,10,903.94
Z045,3300000002,3,10.07.2024,05,91
Z045,3300000002,3,11.07.2024,22,1420
Z045,3300000002,3,17.07.2024,14,1231
Z045,3300000002,3,24.07.2024,03,366
Z045,3300000002,3,28.07.2024,22,1069
Z045,3300000002,3,03.08.2024,14,1232
Z045,3300000002,3,05.08.2024,04,119
Z045,3300000002,3,12.08.2024,21,1228
Z045,3300000002,3,12.08.2024,23,807
Z045,3300000002,3,14.08.2024,18,1213
Z045,3300000002,3,15.08.2024,06,333
Z045,3300000002,3,16.08.2024,14,1073.51
Z045,3300000002,3,16.08.2024,21,1115
Z045,3300000002,3,20.08.2024,00,757
Z045,3300000002,3,25.08.2024,12,982
Z045,3300000002,3,31.08.2024,17,896
Z045,3300000002,3,03.09.2024,12,1389
Z045,3300000002,3,04.09.2024,09,1113
Z045,3300000002,3,06.09.2024,08,806
Z045,3300000002,3,07.09.2024,01,638
Z045,3300000002,3,14.06.2024,15,1193
Z045,3300000002,3,22.06.2024,18,1130
Z045,3300000002,3,25.06.2024,16,1358.48
Z045,3300000002,3,26.06.2024,12,1368.19
Z045,3300000002,3,29.06.2024,16,1170.92
Z045,3300000002,3,07.07.2024,09,712
Z045,3300000002,3,11.07.2024,08,934
Z045,3300000002,3,12.07.2024,13,1352
Z045,3300000002,3,15.07.2024,06,345
Z045,3300000002,3,28.07.2024,18,1146
Z045,3300000002,3,29.07.2024,16,159
Z045,3300000002,3,03.08.2024,04,197
Z045,3300000002,3,06.08.2024,17,1290.45
Z045,3300000002,3,08.08.2024,01,542
Z045,3300000002,3,10.08.2024,21,1258
Z045,3300000002,3,05.09.2024,13,1088
Z045,3300000002,3,05.09.2024,16,1438
Z045,3300000002,3,08.09.2024,20,1134
Z045,3300000002,3,03.06.2024,04,134
Z045,3300000002,3,04.06.2024,00,769
Z045,3300000002,3,10.06.2024,11,1351
Z045,3300000002,3,20.06.2024,00,672
Z045,3300000002,3,02.07.2024,15,1289.13
Z045,3300000002,3,14.07.2024,07,382
Z045,3300000002,3,16.07.2024,17,1525
Z045,3300000002,3,17.07.2024,03,316
Z045,3300000002,3,17.07.2024,13,1204.94
Z045,3300000002,3,22.07.2024,05,64
Z045,3300000002,3,30.07.2024,17,1030
Z045,3300000002,3,10.08.2024,00,820
Z045,3300000002,3,24.08.2024,04,163
Z045,3300000002,3,28.08.2024,02,203
Z045,3300000002,3,30.08.2024,22,1163
Z045,3300000002,3,05.09.2024,06,401
Z045,3300000002,3,08.09.2024,02,514
Z045,3300000002,3,02.06.2024,23,1097
Z045,3300000002,3,06.06.2024,20,1049
Z045,3300000002,3,09.06.2024,19,936
Z045,3300000002,3,12.06.2024,18,1206
Z045,3300000002,3,14.06.2024,19,1157
Z045,3300000002,3,15.06.2024,21,1283
Z045,3300000002,3,16.06.2024,10,1237
Z045,3300000002,3,23.06.2024,05,170
Z045,3300000002,3,23.06.2024,13,1210
Z045,3300000002,3,25.06.2024,21,1385
Z045,3300000002,3,13.07.2024,10,1462.16
Z045,3300000002,3,14.07.2024,17,1180.4
Z045,3300000002,3,15.07.2024,23,988
Z045,3300000002,3,16.07.2024,00,782
Z045,3300000002,3,19.07.2024,05,257
Z045,3300000002,3,20.07.2024,00,788
Z045,3300000002,3,21.07.2024,15,1007
Z045,3300000002,3,23.07.2024,07,799
Z045,3300000002,3,21.08.2024,01,541
Z045,3300000002,3,21.08.2024,04,116
Z045,3300000002,3,24.08.2024,13,1363
Z045,3300000002,3,29.08.2024,07,752
Z045,3300000002,3,04.09.2024,14,1230
Z045,3300000002,3,04.06.2024,03,198
Z045,3300000002,3,17.06.2024,12,879
Z045,3300000002,3,20.06.2024,15,1156
Z045,3300000002,3,21.06.2024,06,508
Z045,3300000002,3,04.07.2024,05,177
Z045,3300000002,3,16.07.2024,11,1410.73
Z045,3300000002,3,17.07.2024,04,131
Z045,3300000002,3,18.07.2024,11,1224.47
Z045,3300000002,3,03.08.2024,13,1158
Z045,3300000002,3,07.08.2024,00,951
Z045,3300000002,3,13.08.2024,16,1135
Z045,3300000002,3,26.08.2024,10,1485
Z045,3300000002,3,03.06.2024,05,162
Z045,3300000002,3,03.06.2024,14,1240
Z045,3300000002,3,13.06.2024,05,205
Z045,3300000002,3,16.06.2024,03,235
Z045,3300000002,3,17.06.2024,14,1351
Z045,3300000002,3,24.06.2024,06,296
Z045,3300000002,3,03.07.2024,08,657
Z045,3300000002,3,05.07.2024,16,1309
Z045,3300000002,3,10.07.2024,03,272
Z045,3300000002,3,15.07.2024,11,1440.41
Z045,3300000002,3,16.07.2024,01,591
Z045,3300000002,3,19.07.2024,07,681
Z045,3300000002,3,23.07.2024,02,118
Z045,3300000002,3,25.07.2024,03,461
Z045,3300000002,3,26.07.2024,15,1293
Z045,3300000002,3,29.07.2024,13,1120
Z045,3300000002,3,02.08.2024,07,911
Z045,3300000002,3,02.08.2024,15,1118
Z045,3300000002,3,02.08.2024,20,1350
Z045,3300000002,3,03.08.2024,20,1209.45
Z045,3300000002,3,03.08.2024,22,1142
Z045,3300000002,3,07.08.2024,13,1394
Z045,3300000002,3,08.08.2024,13,1272
Z045,3300000002,3,01.09.2024,06,185
Z045,3300000002,3,01.09.2024,11,1094.27
Z045,3300000002,3,07.06.2024,06,386
Z045,3300000002,3,07.06.2024,20,1320
Z045,3300000002,3,18.06.2024,15,1328
Z045,3300000002,3,20.06.2024,18,1169
Z045,3300000002,3,25.06.2024,20,1346
Z045,3300000002,3,27.06.2024,21,1232
Z045,3300000002,3,12.07.2024,04,103
Z045,3300000002,3,19.07.2024,16,1125
Z045,3300000002,3,09.08.2024,13,1366
Z045,3300000002,3,18.08.2024,03,415
Z045,3300000002,3,18.08.2024,04,226
Z045,3300000002,3,21.08.2024,13,868
Z045,3300000002,3,29.08.2024,17,1009
Z045,3300000002,3,31.08.2024,06,185
Z045,3300000002,3,01.09.2024,03,195
Z045,3300000002,3,02.09.2024,04,126
Z045,3300000002,3,07.09.2024,05,267
Z045,3300000002,3,02.06.2024,02,803
Z045,3300000002,3,10.06.2024,05,392
Z045,3300000002,3,12.06.2024,04,175
Z045,3300000002,3,14.06.2024,17,1057.44
Z045,3300000002,3,28.06.2024,06,507
Z045,3300000002,3,29.06.2024,19,1153
Z045,3300000002,3,04.07.2024,17,765.78
Z045,3300000002,3,09.07.2024,05,299
Z045,3300000002,3,13.07.2024,17,1169.31
Z045,3300000002,3,14.07.2024,15,1136
Z045,3300000002,3,21.07.2024,06,237
Z045,3300000002,3,24.07.2024,00,767
Z045,3300000002,3,25.07.2024,10,1518
Z045,3300000002,3,25.07.2024,13,1411.89
Z045,3300000002,3,13.08.2024,08,879
Z045,3300000002,3,24.08.2024,09,988
Z045,3300000002,3,26.08.2024,13,1353.56
Z045,3300000002,3,30.08.2024,10,1167
Z045,3300000002,3,05.09.2024,03,187
Z045,3300000002,3,05.06.2024,15,978
Z045,3300000002,3,08.06.2024,23,1020
Z045,3300000002,3,10.06.2024,07,618
Z045,3300000002,3,15.06.2024,16,1359.48
Z045,3300000002,3,24.06.2024,16,1159
Z045,3300000002,3,29.06.2024,01,855
Z045,3300000002,3,05.07.2024,02,180
Z045,3300000002,3,12.07.2024,18,1253
Z045,3300000002,3,20.07.2024,18,1200
Z045,3300000002,3,09.08.2024,10,1667.59
Z045,3300000002,3,10.08.2024,08,1163
Z045,3300000002,3,19.08.2024,19,1367
Z045,3300000002,3,22.08.2024,03,151
Z045,3300000002,3,31.08.2024,22,1119
Z045,3300000002,3,06.09.2024,14,1502
Z045,3300000002,3,08.09.2024,03,426
Z045,3300000002,3,13.06.2024,02,419
Z045,3300000002,3,24.06.2024,23,942
Z045,3300000002,3,28.06.2024,09,1340
Z045,3300000002,3,30.06.2024,08,379
Z045,3300000002,3,01.07.2024,06,519
Z045,3300000002,3,06.07.2024,21,1266
Z045,3300000002,3,13.07.2024,13,1449
Z045,3300000002,3,18.07.2024,01,543
Z045,3300000002,3,19.07.2024,22,1224
Z045,3300000002,3,25.07.2024,21,1148
Z045,3300000002,3,02.08.2024,13,1337
Z045,3300000002,3,06.08.2024,06,471
Z045,3300000002,3,08.08.2024,00,733
Z045,3300000002,3,10.08.2024,09,1234
Z045,3300000002,3,21.08.2024,08,956
Z045,3300000002,3,01.09.2024,18,1256
Z045,3300000002,3,06.06.2024,06,493
Z045,3300000002,3,08.06.2024,19,1308
Z045,3300000002,3,10.06.2024,04,189
Z045,3300000002,3,15.06.2024,00,1056
Z045,3300000002,3,18.06.2024,12,1233.65
Z045,3300000002,3,01.07.2024,04,115
Z045,3300000002,3,11.07.2024,07,1200
Z045,3300000002,3,19.07.2024,20,1212
Z045,3300000002,3,05.08.2024,10,17
Z045,3300000002,3,10.08.2024,15,1612
Z045,3300000002,3,22.08.2024,00,784
Z045,3300000002,3,22.08.2024,06,403
Z045,3300000002,3,01.09.2024,21,1385
Z045,3300000002,3,04.09.2024,08,1182
Z045,3300000002,3,06.09.2024,11,1480.71
Z045,3300000002,3,07.09.2024,03,398
Z045,3300000002,3,05.06.2024,09,1446
Z045,3300000002,3,08.06.2024,08,910
Z045,3300000002,3,08.06.2024,20,1009
Z045,3300000002,3,28.06.2024,03,357
Z045,3300000002,3,01.07.2024,21,1267
Z045,3300000002,3,14.07.2024,10,993.63
Z045,3300000002,3,20.07.2024,21,1366
Z045,3300000002,3,28.07.2024,08,406
Z045,3300000002,3,29.07.2024,08,141
Z045,3300000002,3,31.07.2024,16,1428.52
Z045,3300000002,3,06.08.2024,02,494
Z045,3300000002,3,10.08.2024,13,1589
Z045,3300000002,3,10.08.2024,19,1267
Z045,3300000002,3,11.08.2024,05,358
Z045,3300000002,3,11.08.2024,21,1094
Z045,3300000002,3,12.08.2024,12,1386.97
Z045,3300000002,3,15.08.2024,12,1308.99
Z045,3300000002,3,29.08.2024,09,1248
Z045,3300000002,3,01.09.2024,20,1307
Z045,3300000002,3,05.09.2024,10,1794
Z045,3300000002,3,07.09.2024,00,878
Z045,3300000002,3,02.06.2024,18,1275.88
Z045,3300000002,3,04.06.2024,17,1375
Z045,3300000002,3,07.06.2024,18,1338
Z045,3300000002,3,09.06.2024,02,286
Z045,3300000002,3,10.06.2024,06,299
Z045,3300000002,3,11.06.2024,02,384
Z045,3300000002,3,20.06.2024,12,1525
Z045,3300000002,3,23.06.2024,21,851
Z045,3300000002,3,14.07.2024,16,1143
Z045,3300000002,3,15.07.2024,04,167
Z045,3300000002,3,17.07.2024,23,786
Z045,3300000002,3,23.07.2024,21,1008
Z045,3300000002,3,24.07.2024,07,699
Z045,3300000002,3,05.08.2024,03,310
Z045,3300000002,3,07.08.2024,15,1016.06
Z045,3300000002,3,08.08.2024,09,1433
Z045,3300000002,3,20.08.2024,11,1722.82
Z045,3300000002,3,22.08.2024,15,1110
Z045,3300000002,3,04.09.2024,13,1306
Z045,3300000002,3,05.09.2024,02,203
Z045,3300000002,3,05.06.2024,23,1075
Z045,3300000002,3,07.06.2024,11,1481
Z045,3300000002,3,14.06.2024,04,169
Z045,3300000002,3,15.06.2024,10,1133
Z045,3300000002,3,20.06.2024,02,241
Z045,3300000002,3,25.06.2024,10,1442
Z045,3300000002,3,01.07.2024,20,1332
Z045,3300000002,3,11.07.2024,13,1365
Z045,3300000002,3,21.07.2024,07,314
Z045,3300000002,3,22.07.2024,22,1184
Z045,3300000002,3,24.07.2024,08,840
Z045,3300000002,3,01.08.2024,02,233
Z045,3300000002,3,11.08.2024,11,1196
Z045,3300000002,3,14.08.2024,10,1549
Z045,3300000002,3,25.08.2024,15,1169
Z045,3300000002,3,28.08.2024,17,991
Z045,3300000002,3,29.08.2024,08,945
Z045,3300000002,3,30.08.2024,05,192
Z045,3300000002,3,08.06.2024,17,1194.47
Z045,3300000002,3,14.06.2024,01,500
Z045,3300000002,3,17.06.2024,01,253
Z045,3300000002,3,17.06.2024,18,1197
Z045,3300000002,3,23.06.2024,07,497
Z045,3300000002,3,25.06.2024,00,1022
Z045,3300000002,3,28.06.2024,20,1243
Z045,3300000002,3,08.07.2024,04,132
Z045,3300000002,3,08.07.2024,12,1015.94
Z045,3300000002,3,11.07.2024,19,1462
Z045,3300000002,3,21.07.2024,00,985
Z045,3300000002,3,21.07.2024,12,1133
Z045,3300000002,3,06.08.2024,12,1237
Z045,3300000002,3,27.08.2024,08,872
Z045,3300000002,3,01.09.2024,05,252
Z045,3300000002,3,06.06.2024,04,148
Z045,3300000002,3,21.06.2024,22,1245
Z045,3300000002,3,23.06.2024,03,288
Z045,3300000002,3,27.06.2024,11,716.64
Z045,3300000002,3,03.07.2024,02,205
Z045,3300000002,3,05.07.2024,01,657
Z045,3300000002,3,09.07.2024,09,1244
Z045,3300000002,3,14.07.2024,11,117
Z045,3300000002,3,15.07.2024,05,151
Z045,3300000002,3,18.07.2024,04,215
Z045,3300000002,3,22.07.2024,16,1457.37
Z045,3300000002,3,28.07.2024,12,351
Z045,3300000002,3,03.08.2024,12,1310.49
Z045,3300000002,3,06.08.2024,13,1102
Z045,3300000002,3,16.08.2024,16,1343
Z045,3300000002,3,18.08.2024,00,722
Z045,3300000002,3,26.08.2024,03,295
Z045,3300000002,3,27.08.2024,10,1161
Z045,3300000002,3,28.08.2024,08,1002
Z045,3300000002,3,03.09.2024,21,1021
Z045,3300000002,3,07.09.2024,04,254
Z045,3300000002,3,07.09.2024,06,166
Z045,3300000002,3,01.06.2024,05,266
Z045,3300000002,3,04.06.2024,08,787
Z045,3300000002,3,07.06.2024,22,1345
Z045,3300000002,3,08.06.2024,06,310
Z045,3300000002,3,16.06.2024,09,986
Z045,3300000002,3,22.06.2024,20,1456
Z045,3300000002,3,23.06.2024,00,881
Z045,3300000002,3,03.07.2024,12,492.14
Z045,3300000002,3,05.07.2024,17,1174.9
Z045,3300000002,3,13.07.2024,07,619
Z045,3300000002,3,20.07.2024,02,330
Z045,3300000002,3,24.07.2024,10,1145
Z045,3300000002,3,25.07.2024,11,1305
Z045,3300000002,3,26.07.2024,11,1617
Z045,3300000002,3,12.08.2024,15,1912
Z045,3300000002,3,13.08.2024,15,1157.75
Z045,3300000002,3,15.08.2024,13,1178.1
Z045,3300000002,3,21.08.2024,11,1540.26
Z045,3300000002,3,22.08.2024,13,1157
Z045,3300000002,3,28.08.2024,23,804
Z045,3300000002,3,02.09.2024,16,1023.74
Z045,3300000002,3,07.09.2024,19,1469.84
Z045,3300000002,3,02.06.2024,14,1096
Z045,3300000002,3,05.06.2024,18,1257
Z045,3300000002,3,27.06.2024,08,916
Z045,3300000002,3,09.07.2024,08,775
Z045,3300000002,3,09.07.2024,23,642
Z045,3300000002,3,10.07.2024,12,1158
Z045,3300000002,3,25.07.2024,06,306
Z045,3300000002,3,04.08.2024,06,149
Z045,3300000002,3,04.08.2024,14,1309
Z045,3300000002,3,04.08.2024,18,939
Z045,3300000002,3,14.08.2024,03,187
Z045,3300000002,3,16.08.2024,07,1103
Z045,3300000002,3,19.08.2024,02,335
Z045,3300000002,3,31.08.2024,12,1206
Z045,3300000002,3,01.09.2024,23,745
Z045,3300000002,3,06.09.2024,15,1209
Z045,3300000002,3,04.06.2024,14,687.28
Z045,3300000002,3,23.06.2024,04,155
Z045,3300000002,3,05.07.2024,09,1523
Z045,3300000002,3,05.07.2024,14,1161
Z045,3300000002,3,14.07.2024,19,1202
Z045,3300000002,3,16.07.2024,18,1169.69
Z045,3300000002,3,28.07.2024,23,937
Z045,3300000002,3,31.07.2024,05,155
Z045,3300000002,3,06.08.2024,22,1191
Z045,3300000002,3,22.08.2024,11,1327
Z045,3300000002,3,02.09.2024,02,354
Z045,3300000002,3,05.09.2024,05,205
Z045,3300000002,3,04.06.2024,16,1613
Z045,3300000002,3,11.06.2024,07,984
Z045,3300000002,3,18.06.2024,22,1374
Z045,3300000002,3,22.06.2024,13,1011
Z045,3300000002,3,23.06.2024,10,1304
Z045,3300000002,3,13.07.2024,23,1047
Z045,3300000002,3,22.07.2024,20,1376
Z045,3300000002,3,22.07.2024,23,762
Z045,3300000002,3,31.07.2024,06,392
Z045,3300000002,3,31.07.2024,11,1029.82
Z045,3300000002,3,03.08.2024,06,457
Z045,3300000002,3,07.08.2024,16,1398.76
Z045,3300000002,3,11.08.2024,14,1436
Z045,3300000002,3,12.08.2024,01,560
Z045,3300000002,3,12.08.2024,19,994
Z045,3300000002,3,15.08.2024,18,1140.63
Z045,3300000002,3,16.08.2024,18,842
Z045,3300000002,3,17.08.2024,00,939
Z045,3300000002,3,18.08.2024,06,170
Z045,3300000002,3,30.08.2024,17,1099
Z045,3300000002,3,01.06.2024,08,853
Z045,3300000002,3,03.06.2024,21,1090
Z045,3300000002,3,06.06.2024,00,1000
Z045,3300000002,3,11.06.2024,19,1143
Z045,3300000002,3,26.06.2024,14,1428
Z045,3300000002,3,01.07.2024,05,100
Z045,3300000002,3,01.07.2024,17,1258
Z045,3300000002,3,09.07.2024,15,1219
Z045,3300000002,3,10.07.2024,10,1658.95
Z045,3300000002,3,14.07.2024,12,1262
Z045,3300000002,3,25.07.2024,02,223
Z045,3300000002,3,26.07.2024,22,1094
Z045,3300000002,3,27.07.2024,04,170
Z045,3300000002,3,11.08.2024,00,891
Z045,3300000002,3,11.08.2024,15,1733
Z045,3300000002,3,12.08.2024,09,1197
Z045,3300000002,3,20.08.2024,20,1342
Z045,3300000002,3,21.08.2024,07,796
Z045,3300000002,3,23.08.2024,20,1414
Z045,3300000002,3,27.08.2024,13,1370
Z045,3300000002,3,30.08.2024,00,1182
Z045,3300000002,3,31.08.2024,02,360
Z045,3300000002,3,31.08.2024,07,538
Z045,3300000002,3,07.09.2024,16,1168
Z045,3300000002,3,03.06.2024,07,1007
Z045,3300000002,3,04.06.2024,09,1178
Z045,3300000002,3,05.06.2024,20,1337
Z045,3300000002,3,14.06.2024,07,849
Z045,3300000002,3,16.06.2024,19,1011
Z045,3300000002,3,17.06.2024,09,949
Z045,3300000002,3,27.06.2024,20,1305
Z045,3300000002,3,30.06.2024,11,912.02
Z045,3300000002,3,01.07.2024,22,1175
Z045,3300000002,3,07.07.2024,02,596
Z045,3300000002,3,14.07.2024,04,180
Z045,3300000002,3,14.07.2024,13,1103
Z045,3300000002,3,17.07.2024,09,1350
Z045,3300000002,3,18.07.2024,03,174
Z045,3300000002,3,24.07.2024,21,1655
Z045,3300000002,3,30.07.2024,21,1134
Z045,3300000002,3,12.08.2024,20,1328
Z045,3300000002,3,13.08.2024,07,635
Z045,3300000002,3,15.08.2024,05,186
Z045,3300000002,3,19.08.2024,21,1425
Z045,3300000002,3,24.08.2024,07,512
Z045,3300000002,3,29.08.2024,18,1203.35
Z045,3300000002,3,29.08.2024,22,1205
Z045,3300000002,3,31.08.2024,20,979
Z045,3300000002,3,02.09.2024,20,1085
Z045,3300000002,3,06.06.2024,01,303
Z045,3300000002,3,07.06.2024,12,406.16
Z045,3300000002,3,21.06.2024,23,1299
Z045,3300000002,3,25.06.2024,01,626
Z045,3300000002,3,28.06.2024,05,134
Z045,3300000002,3,28.06.2024,18,1149
Z045,3300000002,3,14.07.2024,03,444
Z045,3300000002,3,16.07.2024,22,801
Z045,3300000002,3,17.07.2024,06,284
Z045,3300000002,3,19.07.2024,09,1448
Z045,3300000002,3,24.07.2024,02,247
Z045,3300000002,3,31.07.2024,07,514
Z045,3300000002,3,01.08.2024,17,679.4
Z045,3300000002,3,08.08.2024,19,1052
Z045,3300000002,3,12.08.2024,02,355
Z045,3300000002,3,12.08.2024,11,1151
Z045,3300000002,3,15.08.2024,10,1419
Z045,3300000002,3,16.08.2024,04,154
Z045,3300000002,3,19.08.2024,23,1270
Z045,3300000002,3,21.08.2024,23,909
Z045,3300000002,3,29.08.2024,13,970.88
Z045,3300000002,3,01.09.2024,02,396
Z045,3300000002,3,04.09.2024,21,1246
Z045,3300000002,3,01.06.2024,23,800
Z045,3300000002,3,09.06.2024,21,1202
Z045,3300000002,3,11.06.2024,15,1348
Z045,3300000002,3,12.06.2024,05,197
Z045,3300000002,3,13.06.2024,11,1207.59
Z045,3300000002,3,15.06.2024,22,1163
Z045,3300000002,3,19.06.2024,16,1243
Z045,3300000002,3,26.06.2024,10,1373
Z045,3300000002,3,04.07.2024,18,748.47
Z045,3300000002,3,11.07.2024,18,1096
Z045,3300000002,3,17.07.2024,07,1077
Z045,3300000002,3,30.07.2024,05,229
Z045,3300000002,3,30.07.2024,13,1464
Z045,3300000002,3,10.08.2024,05,190
Z045,3300000002,3,13.08.2024,03,99
Z045,3300000002,3,29.08.2024,20,1310
Z045,3300000002,3,05.09.2024,14,1078.96
Z045,3300000002,3,01.06.2024,04,166
Z045,3300000002,3,02.06.2024,01,703
Z045,3300000002,3,02.06.2024,03,250
Z045,3300000002,3,10.06.2024,18,1045
Z045,3300000002,3,11.06.2024,12,1124.38
Z045,3300000002,3,18.06.2024,19,1242.29
Z045,3300000002,3,27.06.2024,19,1228
Z045,3300000002,3,30.06.2024,13,1079
Z045,3300000002,3,10.07.2024,18,961
Z045,3300000002,3,14.07.2024,00,839
Z045,3300000002,3,15.07.2024,09,1386
Z045,3300000002,3,24.07.2024,09,1059
Z045,3300000002,3,28.07.2024,11,1350
Z045,3300000002,3,09.08.2024,21,1165
Z045,3300000002,3,15.08.2024,01,656
Z045,3300000002,3,15.08.2024,11,1375
Z045,3300000002,3,23.08.2024,02,399
Z045,3300000002,3,26.08.2024,18,1251
Z045,3300000002,3,30.08.2024,14,1325.06
Z045,3300000002,3,03.09.2024,20,1275
Z045,3300000002,3,04.06.2024,05,115
Z045,3300000002,3,06.06.2024,08,1018
Z045,3300000002,3,19.06.2024,19,1096
Z045,3300000002,3,20.06.2024,19,1313
Z045,3300000002,3,20.06.2024,22,1498
Z045,3300000002,3,01.07.2024,11,1051
Z045,3300000002,3,02.07.2024,09,1384
Z045,3300000002,3,04.07.2024,15,1086
Z045,3300000002,3,17.07.2024,11,1435
Z045,3300000002,3,20.07.2024,05,241
Z045,3300000002,3,22.07.2024,01,460
Z045,3300000002,3,25.07.2024,22,1261
Z045,3300000002,3,27.07.2024,09,1209
Z045,3300000002,3,10.08.2024,11,1494.22
Z045,3300000002,3,11.08.2024,08,600
Z045,3300000002,3,17.08.2024,11,1298.77
Z045,3300000002,3,22.08.2024,05,170
Z045,3300000002,3,23.08.2024,22,1163
Z045,3300000002,3,02.09.2024,14,1129
Z045,3300000002,3,03.06.2024,23,810
Z045,3300000002,3,04.06.2024,21,1372
Z045,3300000002,3,11.06.2024,11,1355
Z045,3300000002,3,12.06.2024,12,1134.25
Z045,3300000002,3,25.06.2024,23,883
Z045,3300000002,3,07.07.2024,11,1371.66
Z045,3300000002,3,08.07.2024,07,402
Z045,3300000002,3,08.07.2024,08,809
Z045,3300000002,3,10.07.2024,23,1280
Z045,3300000002,3,18.07.2024,07,896
Z045,3300000002,3,18.07.2024,21,1262
Z045,3300000002,3,23.07.2024,17,1350.81
Z045,3300000002,3,26.07.2024,19,1411
Z045,3300000002,3,06.08.2024,18,1428
Z045,3300000002,3,14.08.2024,04,179
Z045,3300000002,3,20.08.2024,15,1589.55
Z045,3300000002,3,23.08.2024,08,1133
Z045,3300000002,3,28.08.2024,05,171
Z045,3300000002,3,30.08.2024,12,1097
Z045,3300000002,3,02.09.2024,23,784
Z045,3300000002,3,05.06.2024,22,1593
Z045,3300000002,3,10.06.2024,20,1219
Z045,3300000002,3,18.06.2024,07,871
Z045,3300000002,3,20.06.2024,06,465
Z045,3300000002,3,25.06.2024,14,1203
Z045,3300000002,3,28.06.2024,00,808
Z045,3300000002,3,29.06.2024,08,846
Z045,3300000002,3,02.07.2024,03,301
Z045,3300000002,3,04.07.2024,20,1045
Z045,3300000002,3,09.07.2024,20,907
Z045,3300000002,3,10.07.2024,07,868
Z045,3300000002,3,13.07.2024,22,1177
Z045,3300000002,3,30.07.2024,07,878
Z045,3300000002,3,18.08.2024,12,1010
Z045,3300000002,3,25.08.2024,03,154
Z045,3300000002,3,03.09.2024,10,1238
Z045,3300000002,3,05.09.2024,22,1496
Z045,3300000002,3,08.09.2024,19,1460
Z045,3300000002,3,03.06.2024,17,1373
Z045,3300000002,3,07.06.2024,13,987.34
Z045,3300000002,3,30.06.2024,07,424
Z045,3300000002,3,06.07.2024,19,1437
Z045,3300000002,3,07.07.2024,18,1275.63
Z045,3300000002,3,13.07.2024,08,741
Z045,3300000002,3,22.07.2024,12,1121.74
Z045,3300000002,3,26.07.2024,01,906
Z045,3300000002,3,28.07.2024,14,1233
Z045,3300000002,3,28.07.2024,17,1028
Z045,3300000002,3,03.08.2024,17,1379
Z045,3300000002,3,06.08.2024,11,1105
Z045,3300000002,3,08.08.2024,21,1320
Z045,3300000002,3,09.08.2024,00,919
Z045,3300000002,3,16.08.2024,13,1333
Z045,3300000002,3,29.08.2024,02,228
Z045,3300000002,3,30.08.2024,18,898
Z045,3300000002,3,02.09.2024,05,76
Z045,3300000002,3,03.09.2024,00,1046
Z045,3300000002,3,04.09.2024,20,1353
Z045,3300000002,3,01.06.2024,12,1139
Z045,3300000002,3,11.06.2024,09,1340
Z045,3300000002,3,15.06.2024,04,266
Z045,3300000002,3,25.06.2024,08,837
Z045,3300000002,3,27.06.2024,23,1172
Z045,3300000002,3,05.07.2024,04,101
Z045,3300000002,3,03.08.2024,09,1013
Z045,3300000002,3,03.08.2024,21,1467
Z045,3300000002,3,07.08.2024,02,211
Z045,3300000002,3,21.08.2024,10,1635
Z045,3300000002,3,23.08.2024,19,1419
Z045,3300000002,3,27.08.2024,23,657
Z045,3300000002,3,31.08.2024,16,1011
Z045,3300000002,3,03.06.2024,19,1117
Z045,3300000002,3,16.06.2024,00,537
Z045,3300000002,3,21.06.2024,02,518
Z045,3300000002,3,21.06.2024,07,1196
Z045,3300000002,3,23.06.2024,06,364
Z045,3300000002,3,27.06.2024,15,998
Z045,3300000002,3,02.07.2024,05,208
Z045,3300000002,3,10.07.2024,02,244
Z045,3300000002,3,06.08.2024,14,1080
Z045,3300000002,3,14.08.2024,12,1441
Z045,3300000002,3,20.08.2024,05,159
Z045,3300000002,3,20.08.2024,17,1556
Z045,3300000002,3,22.08.2024,19,1182
Z045,3300000002,3,25.08.2024,01,743
Z045,3300000002,3,27.08.2024,19,1253
Z045,3300000002,3,13.06.2024,22,1435
Z045,3300000002,3,18.06.2024,06,414
Z045,3300000002,3,21.06.2024,17,1254
Z045,3300000002,3,30.06.2024,04,241
Z045,3300000002,3,30.06.2024,06,187
Z045,3300000002,3,30.06.2024,17,1389
Z045,3300000002,3,18.07.2024,09,1078
Z045,3300000002,3,24.07.2024,17,1448
Z045,3300000002,3,13.08.2024,05,189
Z045,3300000002,3,13.08.2024,09,1203
Z045,3300000002,3,13.08.2024,12,1260
Z045,3300000002,3,27.08.2024,21,1209
Z045,3300000002,3,02.09.2024,10,1434
Z045,3300000002,3,07.09.2024,14,1367
Z045,3300000002,3,03.06.2024,12,1002
Z045,3300000002,3,07.06.2024,15,974.81
Z045,3300000002,3,12.06.2024,00,653
Z045,3300000002,3,12.06.2024,22,1618
Z045,3300000002,3,19.06.2024,04,96
Z045,3300000002,3,21.06.2024,18,1388
Z045,3300000002,3,23.06.2024,22,1353
Z045,3300000002,3,04.07.2024,04,166
Z045,3300000002,3,25.07.2024,23,955
Z045,3300000002,3,30.07.2024,16,929.66
Z045,3300000002,3,15.08.2024,23,961
Z045,3300000002,3,21.08.2024,09,1510
Z045,3300000002,3,24.08.2024,03,239
Z045,3300000002,3,27.08.2024,05,200
Z045,3300000002,3,30.08.2024,06,522
Z045,3300000002,3,03.09.2024,15,1207.28
Z045,3300000002,3,04.09.2024,18,1368
Z045,3300000002,3,05.09.2024,23,981
Z045,3300000002,3,04.06.2024,07,1102
Z045,3300000002,3,06.06.2024,10,1392
Z045,3300000002,3,14.06.2024,12,1147
Z045,3300000002,3,18.06.2024,11,1115
Z045,3300000002,3,21.06.2024,04,251
Z045,3300000002,3,09.07.2024,07,808
Z045,3300000002,3,18.07.2024,00,719
Z045,3300000002,3,18.07.2024,23,933
Z045,3300000002,3,28.07.2024,13,1054.89
Z045,3300000002,3,22.08.2024,23,1256
Z045,3300000002,3,24.08.2024,02,407
Z045,3300000002,3,26.08.2024,00,814
Z045,3300000002,3,26.08.2024,08,946
Z045,3300000002,3,27.08.2024,04,104
Z045,3300000002,3,27.08.2024,07,1016
Z045,3300000002,3,27.08.2024,14,1095.68
Z045,3300000002,3,30.08.2024,07,729
Z045,3300000002,3,14.06.2024,05,216
Z045,3300000002,3,21.06.2024,09,1602
Z045,3300000002,3,22.06.2024,04,211
Z045,3300000002,3,24.06.2024,15,1138
Z045,3300000002,3,30.06.2024,21,1120
Z045,3300000002,3,08.07.2024,00,550
Z045,3300000002,3,10.07.2024,11,1310
Z045,3300000002,3,15.07.2024,17,1319.1
Z045,3300000002,3,15.07.2024,21,1480
Z045,3300000002,3,21.07.2024,09,852
Z045,3300000002,3,05.08.2024,02,209
Z045,3300000002,3,05.08.2024,23,765
Z045,3300000002,3,10.08.2024,20,1335
Z045,3300000002,3,14.08.2024,16,921
Z045,3300000002,3,20.08.2024,04,176
Z045,3300000002,3,31.08.2024,05,193
Z045,3300000002,3,08.09.2024,10,1300
Z045,3300000002,3,08.09.2024,17,661
Z045,3300000002,3,11.06.2024,18,1060.1
Z045,3300000002,3,13.06.2024,04,262
Z045,3300000002,3,16.06.2024,22,921
Z045,3300000002,3,17.06.2024,15,1418.79
Z045,3300000002,3,01.07.2024,08,794
Z045,3300000002,3,07.07.2024,01,1079
Z045,3300000002,3,27.07.2024,07,848
Z045,3300000002,3,31.07.2024,20,1171
Z045,3300000002,3,04.08.2024,13,1538
Z045,3300000002,3,07.08.2024,22,1268
Z045,3300000002,3,08.08.2024,11,1425.35
Z045,3300000002,3,13.08.2024,14,1142
Z045,3300000002,3,19.08.2024,22,1284
Z045,3300000002,3,20.08.2024,03,349
Z045,3300000002,3,21.08.2024,05,189
Z045,3300000002,3,22.08.2024,01,685
Z045,3300000002,3,26.08.2024,11,1404
Z045,3300000002,3,31.08.2024,00,774
Z045,3300000002,3,01.09.2024,19,1300
Z045,3300000002,3,04.09.2024,07,1010
Z045,3300000002,3,02.06.2024,10,1129
Z045,3300000002,3,05.06.2024,00,583
Z045,3300000002,3,24.06.2024,05,90
Z045,3300000002,3,24.06.2024,07,973
Z045,3300000002,3,03.07.2024,13,836
Z045,3300000002,3,08.07.2024,23,693
Z045,3300000002,3,10.07.2024,17,1100
Z045,3300000002,3,16.07.2024,21,1328
Z045,3300000002,3,27.07.2024,06,247
Z045,3300000002,3,30.07.2024,23,1070
Z045,3300000002,3,02.08.2024,22,982
Z045,3300000002,3,08.08.2024,15,913
Z045,3300000002,3,11.08.2024,06,265
Z045,3300000002,3,14.08.2024,00,666
Z045,3300000002,3,17.08.2024,09,1259
Z045,3300000002,3,18.08.2024,10,968
Z045,3300000002,3,26.08.2024,20,1218
Z045,3300000002,3,08.09.2024,11,1231.56
Z045,3300000002,3,01.06.2024,07,645
Z045,3300000002,3,07.06.2024,21,1181
Z045,3300000002,3,09.06.2024,18,1232
Z045,3300000002,3,13.06.2024,20,1077
Z045,3300000002,3,14.06.2024,02,309
Z045,3300000002,3,22.06.2024,14,867
Z045,3300000002,3,12.07.2024,03,430
Z045,3300000002,3,26.07.2024,10,1510
Z045,3300000002,3,09.08.2024,22,1078
Z045,3300000002,3,19.08.2024,05,204
Z045,3300000002,3,28.08.2024,13,1353
Z045,3300000002,3,30.08.2024,04,183
Z045,3300000002,3,04.06.2024,18,1098
Z045,3300000002,3,12.06.2024,08,924
Z045,3300000002,3,20.06.2024,13,1047
Z045,3300000002,3,20.06.2024,21,1340
Z045,3300000002,3,29.06.2024,04,235
Z045,3300000002,3,03.07.2024,15,992
Z045,3300000002,3,29.07.2024,19,1175
Z045,3300000002,3,03.08.2024,15,1302
Z045,3300000002,3,04.08.2024,02,405
Z045,3300000002,3,12.08.2024,07,1020
Z045,3300000002,3,18.08.2024,16,1142.12
Z045,3300000002,3,19.08.2024,10,1485
Z045,3300000002,3,06.09.2024,05,247
Z045,3300000002,3,06.09.2024,06,353
Z045,3300000002,3,03.06.2024,03,203
Z045,3300000002,3,05.06.2024,03,150
Z045,3300000002,3,16.06.2024,18,1059
Z045,3300000002,3,19.06.2024,06,434
Z045,3300000002,3,22.06.2024,19,1102
Z045,3300000002,3,24.06.2024,11,1038
Z045,3300000002,3,26.06.2024,02,258
Z045,3300000002,3,28.06.2024,21,1377
Z045,3300000002,3,29.06.2024,23,961
Z045,3300000002,3,19.07.2024,00,1047
Z045,3300000002,3,28.07.2024,16,1139
Z045,3300000002,3,29.07.2024,05,76
Z045,3300000002,3,01.08.2024,04,255
Z045,3300000002,3,01.08.2024,14,663
Z045,3300000002,3,06.08.2024,23,900
Z045,3300000002,3,14.08.2024,01,405
Z045,3300000002,3,25.08.2024,21,1376
Z045,3300000002,3,02.09.2024,03,245
Z045,3300000002,3,06.09.2024,04,76
Z045,3300000002,3,06.06.2024,13,1406
Z045,3300000002,3,08.06.2024,15,1287
Z045,3300000002,3,12.06.2024,20,1495
Z045,3300000002,3,02.07.2024,11,1279.46
Z045,3300000002,3,06.07.2024,18,1285
Z045,3300000002,3,10.07.2024,21,1151
Z045,3300000002,3,18.07.2024,18,1304.68
Z045,3300000002,3,23.07.2024,19,986
Z045,3300000002,3,25.07.2024,19,1150
Z045,3300000002,3,17.08.2024,17,1165.2
Z045,3300000002,3,27.08.2024,15,1044.46
Z045,3300000002,3,01.09.2024,12,1046.76
Z045,3300000002,3,03.09.2024,03,159
Z045,3300000002,3,10.06.2024,19,944
Z045,3300000002,3,13.06.2024,12,1318
Z045,3300000002,3,17.06.2024,05,128
Z045,3300000002,3,21.06.2024,01,871
Z045,3300000002,3,22.06.2024,01,980
Z045,3300000002,3,07.07.2024,16,1025
Z045,3300000002,3,09.07.2024,14,1419
Z045,3300000002,3,10.07.2024,01,338
Z045,3300000002,3,12.07.2024,01,880
Z045,3300000002,3,12.07.2024,20,1313
Z045,3300000002,3,13.07.2024,04,170
Z045,3300000002,3,14.07.2024,21,1128
Z045,3300000002,3,19.07.2024,10,1234
Z045,3300000002,3,22.07.2024,07,622
Z045,3300000002,3,01.08.2024,06,602
Z045,3300000002,3,04.08.2024,17,1140
Z045,3300000002,3,11.08.2024,04,464
Z045,3300000002,3,27.08.2024,18,1279
Z045,3300000002,3,30.08.2024,21,1119
Z045,3300000002,3,01.09.2024,15,1145
Z045,3300000002,3,04.09.2024,02,328
Z045,3300000002,3,06.09.2024,10,1249
Z045,3300000002,3,07.09.2024,09,1211
Z045,3300000002,3,19.06.2024,03,312
Z045,3300000002,3,29.06.2024,14,1190
Z045,3300000002,3,02.07.2024,16,778
Z045,3300000002,3,02.07.2024,18,639
Z045,3300000002,3,05.07.2024,11,1245.94
Z045,3300000002,3,06.07.2024,09,954
Z045,3300000002,3,11.07.2024,05,236
Z045,3300000002,3,20.07.2024,08,854
Z045,3300000002,3,22.07.2024,14,1169
Z045,3300000002,3,23.07.2024,11,1373.32
Z045,3300000002,3,23.07.2024,20,1426
Z045,3300000002,3,25.07.2024,00,1122
Z045,3300000002,3,07.08.2024,23,950
Z045,3300000002,3,08.08.2024,16,1141.38
Z045,3300000002,3,09.08.2024,06,576
Z045,3300000002,3,14.08.2024,19,1307
Z045,3300000002,3,16.08.2024,22,1337
Z045,3300000002,3,20.08.2024,09,1663
Z045,3300000002,3,01.09.2024,09,716
Z045,3300000002,3,01.09.2024,17,1182
Z045,3300000002,3,08.09.2024,12,1593.1
Z045,3300000002,3,05.06.2024,04,157
Z045,3300000002,3,08.06.2024,11,1429.07
Z045,3300000002,3,10.06.2024,14,1270.22
Z045,3300000002,3,11.06.2024,04,73
Z045,3300000002,3,11.06.2024,05,22
Z045,3300000002,3,15.06.2024,20,1127
Z045,3300000002,3,15.06.2024,23,1223
Z045,3300000002,3,16.06.2024,17,911.68
Z045,3300000002,3,18.06.2024,16,1349
Z045,3300000002,3,22.06.2024,03,331
Z045,3300000002,3,22.06.2024,05,253
Z045,3300000002,3,22.06.2024,23,910
Z045,3300000002,3,01.07.2024,13,1221
Z045,3300000002,3,13.07.2024,09,1320
Z045,3300000002,3,17.07.2024,18,1347
Z045,3300000002,3,22.07.2024,09,1239
Z045,3300000002,3,27.07.2024,05,268
Z045,3300000002,3,02.08.2024,05,176
Z045,3300000002,3,17.08.2024,06,262
Z045,3300000002,3,22.08.2024,18,1317
Z045,3300000002,3,24.08.2024,00,1085
Z045,3300000002,3,25.08.2024,19,839
Z045,3300000002,3,30.08.2024,03,271
Z045,3300000002,3,08.09.2024,18,1062
Z045,3300000002,3,17.06.2024,08,797
Z045,3300000002,3,10.07.2024,15,1158
Z045,3300000002,3,12.07.2024,19,1186
Z045,3300000002,3,13.07.2024,18,1156
Z045,3300000002,3,15.07.2024,15,1381
Z045,3300000002,3,16.07.2024,02,354
Z045,3300000002,3,17.07.2024,01,571
Z045,3300000002,3,17.07.2024,15,1465.5
Z045,3300000002,3,31.07.2024,02,151
Z045,3300000002,3,08.08.2024,05,392
Z045,3300000002,3,12.08.2024,18,755
Z045,3300000002,3,25.08.2024,23,776
Z045,3300000002,3,30.08.2024,11,1173
Z045,3300000002,3,02.09.2024,12,1031
Z045,3300000002,3,04.09.2024,03,110
Z045,3300000002,3,05.09.2024,07,986
Z045,3300000002,3,01.06.2024,17,1185
Z045,3300000002,3,03.06.2024,15,1123
Z045,3300000002,3,06.06.2024,12,1577.89
Z045,3300000002,3,08.06.2024,00,816
Z045,3300000002,3,14.06.2024,09,1068
Z045,3300000002,3,19.06.2024,14,1231.8
Z045,3300000002,3,21.06.2024,16,1616.01
Z045,3300000002,3,26.06.2024,17,1402.27
Z045,3300000002,3,02.07.2024,13,1080
Z045,3300000002,3,07.07.2024,08,684
Z045,3300000002,3,11.07.2024,06,192
Z045,3300000002,3,12.07.2024,22,1360
Z045,3300000002,3,13.07.2024,11,909
Z045,3300000002,3,21.07.2024,11,958.3
Z045,3300000002,3,26.07.2024,13,1307.54
Z045,3300000002,3,01.08.2024,12,943.93
Z045,3300000002,3,13.08.2024,00,403
Z045,3300000002,3,17.08.2024,05,383
Z045,3300000002,3,04.09.2024,23,994
Z045,3300000002,3,05.06.2024,12,1348.48
Z045,3300000002,3,09.06.2024,03,360
Z045,3300000002,3,18.06.2024,14,1207
Z045,3300000002,3,19.06.2024,10,1173
Z045,3300000002,3,22.06.2024,00,1129
Z045,3300000002,3,26.06.2024,16,1507.06
Z045,3300000002,3,26.06.2024,18,965
Z045,3300000002,3,11.07.2024,10,1189
Z045,3300000002,3,21.07.2024,17,1026
Z045,3300000002,3,22.07.2024,18,1221
Z045,3300000002,3,14.08.2024,21,1460
Z045,3300000002,3,16.08.2024,01,443
Z045,3300000002,3,17.08.2024,23,951
Z045,3300000002,3,23.08.2024,15,1581
Z045,3300000002,3,02.09.2024,21,1246
Z045,3300000002,3,03.09.2024,22,1287
Z045,3300000002,3,06.09.2024,20,1386
Z045,3300000002,3,06.09.2024,21,1447
Z045,3300000002,3,07.09.2024,22,1390
Z045,3300000002,3,05.06.2024,11,1249
Z045,3300000002,3,06.06.2024,14,1367
Z045,3300000002,3,07.06.2024,07,1155
Z045,3300000002,3,14.06.2024,11,1277.96
Z045,3300000002,3,21.06.2024,13,1323
Z045,3300000002,3,03.07.2024,03,296
Z045,3300000002,3,22.07.2024,02,337
Z045,3300000002,3,24.07.2024,05,117
Z045,3300000002,3,27.07.2024,02,554
Z045,3300000002,3,01.08.2024,08,1268
Z045,3300000002,3,08.08.2024,02,373
Z045,3300000002,3,09.08.2024,20,1204
Z045,3300000002,3,10.08.2024,06,661
Z045,3300000002,3,25.08.2024,22,1295
Z045,3300000002,3,28.08.2024,03,189
Z045,3300000002,3,30.08.2024,16,1047
Z045,3300000002,3,08.09.2024,16,1177.32
Z045,3300000002,3,19.06.2024,12,1202
Z045,3300000002,3,28.06.2024,23,1118
Z045,3300000002,3,05.07.2024,19,1593
Z045,3300000002,3,12.07.2024,09,1363
Z045,3300000002,3,18.07.2024,22,1053
Z045,3300000002,3,31.07.2024,17,942.41
Z045,3300000002,3,01.08.2024,01,665
Z045,3300000002,3,08.08.2024,18,1120
Z045,3300000002,3,09.08.2024,18,1315
Z045,3300000002,3,20.08.2024,13,953
Z045,3300000002,3,27.08.2024,06,281
Z045,3300000002,3,28.08.2024,07,1013
Z045,3300000002,3,02.09.2024,19,873
Z045,3300000002,3,01.06.2024,13,1364
Z045,3300000002,3,07.06.2024,08,1177
Z045,3300000002,3,13.06.2024,18,1109
Z045,3300000002,3,16.06.2024,11,962
Z045,3300000002,3,20.06.2024,04,238
Z045,3300000002,3,06.07.2024,01,638
Z045,3300000002,3,06.07.2024,13,1425
Z045,3300000002,3,07.07.2024,14,1154
Z045,3300000002,3,18.07.2024,02,439
Z045,3300000002,3,18.07.2024,17,1117.04
Z045,3300000002,3,24.07.2024,13,1335
Z045,3300000002,3,09.08.2024,11,1833.55
Z045,3300000002,3,22.08.2024,07,808
Z045,3300000002,3,31.08.2024,23,896
Z045,3300000002,3,10.06.2024,08,954
Z045,3300000002,3,14.06.2024,18,1248
Z045,3300000002,3,15.06.2024,15,1216
Z045,3300000002,3,17.06.2024,17,1463
Z045,3300000002,3,19.06.2024,05,207
Z045,3300000002,3,26.06.2024,00,610
Z045,3300000002,3,11.07.2024,11,1326.85
Z045,3300000002,3,15.07.2024,01,829
Z045,3300000002,3,16.07.2024,12,715
Z045,3300000002,3,17.07.2024,12,1084.98
Z045,3300000002,3,21.07.2024,08,520
Z045,3300000002,3,27.07.2024,21,941
Z045,3300000002,3,09.08.2024,04,236
Z045,3300000002,3,16.08.2024,15,334
Z045,3300000002,3,23.08.2024,06,252
Z045,3300000002,3,29.08.2024,05,152
Z045,3300000002,3,01.09.2024,14,1278
Z045,3300000002,3,02.09.2024,07,996
Z045,3300000002,3,04.09.2024,05,132
Z045,3300000002,3,08.09.2024,23,692
Z045,3300000002,3,04.06.2024,13,1303.26
Z045,3300000002,3,04.06.2024,15,1252
Z045,3300000002,3,08.06.2024,03,293
Z045,3300000002,3,08.06.2024,22,1496
Z045,3300000002,3,23.06.2024,15,1315
Z045,3300000002,3,25.06.2024,09,1330
Z045,3300000002,3,05.07.2024,00,842
Z045,3300000002,3,08.07.2024,11,611
Z045,3300000002,3,14.07.2024,01,879
Z045,3300000002,3,26.07.2024,23,996
Z045,3300000002,3,01.08.2024,18,894
Z045,3300000002,3,11.08.2024,12,1748.8
Z045,3300000002,3,03.09.2024,14,1176.63
Z045,3300000002,3,05.09.2024,17,1499
Z045,3300000002,3,03.06.2024,02,157
Z045,3300000002,3,06.06.2024,07,615
Z045,3300000002,3,07.06.2024,00,906
Z045,3300000002,3,07.06.2024,05,212
Z045,3300000002,3,12.06.2024,11,1157.1
Z045,3300000002,3,16.06.2024,01,759
Z045,3300000002,3,17.06.2024,02,169
Z045,3300000002,3,24.06.2024,04,223
Z045,3300000002,3,28.06.2024,04,269
Z045,3300000002,3,30.06.2024,01,545
Z045,3300000002,3,05.07.2024,07,618
Z045,3300000002,3,07.07.2024,00,857
Z045,3300000002,3,11.07.2024,23,1096
Z045,3300000002,3,04.08.2024,00,826
Z045,3300000002,3,19.08.2024,13,1296
Z045,3300000002,3,21.08.2024,21,1120
Z045,3300000002,3,13.06.2024,08,779
Z045,3300000002,3,20.06.2024,08,1068
Z045,3300000002,3,26.06.2024,01,590
Z045,3300000002,3,10.07.2024,00,1008
Z045,3300000002,3,10.07.2024,04,46
Z045,3300000002,3,11.07.2024,03,409
Z045,3300000002,3,27.07.2024,13,996
Z045,3300000002,3,02.08.2024,14,1172
Z045,3300000002,3,03.08.2024,16,1069
Z045,3300000002,3,06.08.2024,09,1312
Z045,3300000002,3,21.08.2024,12,1675
Z045,3300000002,3,29.08.2024,16,1191
Z045,3300000002,3,06.09.2024,22,1112
Z045,3300000002,3,08.09.2024,01,924
Z045,3300000002,3,08.09.2024,05,469
Z045,3300000002,3,13.06.2024,16,1480
Z045,3300000002,3,24.06.2024,01,616
Z045,3300000002,3,29.06.2024,03,496
Z045,3300000002,3,30.06.2024,03,361
Z045,3300000002,3,01.07.2024,09,1649
Z045,3300000002,3,02.07.2024,21,1170
Z045,3300000002,3,03.07.2024,19,985
Z045,3300000002,3,04.07.2024,09,1014
Z045,3300000002,3,16.07.2024,07,1147
Z045,3300000002,3,16.07.2024,10,1500
Z045,3300000002,3,19.07.2024,11,1326.99
Z045,3300000002,3,27.07.2024,12,1229
Z045,3300000002,3,29.07.2024,12,1326
Z045,3300000002,3,31.07.2024,13,1396
Z045,3300000002,3,01.08.2024,05,208
Z045,3300000002,3,01.08.2024,09,1363
Z045,3300000002,3,03.08.2024,03,221
Z045,3300000002,3,04.08.2024,07,505
Z045,3300000002,3,04.08.2024,20,880
Z045,3300000002,3,11.08.2024,03,453
Z045,3300000002,3,13.08.2024,18,1056
Z045,3300000002,3,07.06.2024,04,180
Z045,3300000002,3,07.06.2024,19,1144
Z045,3300000002,3,29.06.2024,05,178
Z045,3300000002,3,23.07.2024,23,874
Z045,3300000002,3,29.07.2024,20,1379
Z045,3300000002,3,31.07.2024,21,1189
Z045,3300000002,3,08.08.2024,08,1300
Z045,3300000002,3,10.08.2024,02,446
Z045,3300000002,3,11.08.2024,07,378
Z045,3300000002,3,21.08.2024,00,872
Z045,3300000002,3,24.08.2024,20,1145
Z045,3300000002,3,25.08.2024,07,444
Z045,3300000002,3,25.08.2024,20,1143
Z045,3300000002,3,28.08.2024,16,1363
Z045,3300000002,3,28.08.2024,18,1549
Z045,3300000002,3,29.08.2024,15,1245
Z045,3300000002,3,02.09.2024,09,1350
Z045,3300000002,3,10.06.2024,09,1320
Z045,3300000002,3,12.06.2024,19,1085
Z045,3300000002,3,17.06.2024,19,1364
Z045,3300000002,3,18.06.2024,03,232
Z045,3300000002,3,23.06.2024,08,496
Z045,3300000002,3,28.06.2024,08,972
Z045,3300000002,3,05.07.2024,20,1304
Z045,3300000002,3,10.07.2024,19,1052
Z045,3300000002,3,11.07.2024,01,537
Z045,3300000002,3,12.07.2024,21,1298
Z045,3300000002,3,17.07.2024,05,262
Z045,3300000002,3,20.07.2024,11,1208.14
Z045,3300000002,3,23.07.2024,05,192
Z045,3300000002,3,29.07.2024,11,1038.41
Z045,3300000002,3,01.08.2024,13,833
Z045,3300000002,3,17.08.2024,18,936
Z045,3300000002,3,19.08.2024,20,1476
Z045,3300000002,3,26.08.2024,05,181
Z045,3300000002,3,31.08.2024,21,1143
Z045,3300000002,3,06.09.2024,17,1182.23
Z045,3300000002,3,04.06.2024,02,346
Z045,3300000002,3,17.06.2024,00,873
Z045,3300000002,3,25.06.2024,13,1364
Z045,3300000002,3,28.06.2024,11,1302.59
Z045,3300000002,3,29.06.2024,06,384
Z045,3300000002,3,30.06.2024,22,1327
Z045,3300000002,3,02.07.2024,17,709
Z045,3300000002,3,08.07.2024,16,949.42
Z045,3300000002,3,16.07.2024,09,1119
Z045,3300000002,3,24.07.2024,16,1157
Z045,3300000002,3,27.07.2024,18,1145
Z045,3300000002,3,29.07.2024,10,172.56
Z045,3300000002,3,03.08.2024,08,1008
Z045,3300000002,3,07.08.2024,09,1073
Z045,3300000002,3,09.08.2024,19,1112
Z045,3300000002,3,10.08.2024,03,469
Z045,3300000002,3,11.08.2024,20,1003
Z045,3300000002,3,12.08.2024,13,1088
Z045,3300000002,3,13.08.2024,22,1131
Z045,3300000002,3,17.08.2024,01,438
Z045,3300000002,3,17.08.2024,07,568
Z045,3300000002,3,20.08.2024,22,1547
Z045,3300000002,3,22.08.2024,04,74
Z045,3300000002,3,27.08.2024,12,923
Z045,3300000002,3,04.09.2024,19,1497
Z045,3300000002,3,02.06.2024,00,947
Z045,3300000002,3,05.06.2024,14,843
Z045,3300000002,3,06.06.2024,22,1320
Z045,3300000002,3,07.06.2024,02,207
Z045,3300000002,3,13.06.2024,19,1377
Z045,3300000002,3,16.06.2024,16,749
Z045,3300000002,3,16.06.2024,20,1166
Z045,3300000002,3,18.06.2024,02,251
Z045,3300000002,3,19.06.2024,20,1132
Z045,3300000002,3,29.06.2024,17,1212
Z045,3300000002,3,07.07.2024,06,66
Z045,3300000002,3,07.07.2024,17,1208
Z045,3300000002,3,07.07.2024,23,847
Z045,3300000002,3,15.07.2024,08,913
Z045,3300000002,3,18.07.2024,10,1042.05
Z045,3300000002,3,18.07.2024,19,1193
Z045,3300000002,3,23.07.2024,09,1307
Z045,3300000002,3,25.07.2024,08,1287
Z045,3300000002,3,26.07.2024,06,556
Z045,3300000002,3,30.07.2024,09,1375
Z045,3300000002,3,15.08.2024,22,1246
Z045,3300000002,3,23.08.2024,12,1142.23
Z045,3300000002,3,06.09.2024,19,1636
Z045,3300000002,3,02.06.2024,22,1211
Z045,3300000002,3,06.06.2024,23,1213
Z045,3300000002,3,15.06.2024,05,191
Z045,3300000002,3,15.06.2024,17,886
Z045,3300000002,3,22.06.2024,02,630
Z045,3300000002,3,25.06.2024,04,250
Z045,3300000002,3,07.07.2024,05,158
Z045,3300000002,3,11.07.2024,02,435
Z045,3300000002,3,14.07.2024,14,1088
Z045,3300000002,3,15.07.2024,07,1053
Z045,3300000002,3,19.07.2024,02,184
Z045,3300000002,3,30.07.2024,11,1250
Z045,3300000002,3,04.08.2024,22,1209
Z045,3300000002,3,13.08.2024,01,558
Z045,3300000002,3,26.08.2024,17,1360.43
Z045,3300000002,3,26.08.2024,22,1167
Z045,3300000002,3,27.08.2024,09,1370
Z045,3300000002,3,28.08.2024,01,726
Z045,3300000002,3,30.08.2024,09,915
Z045,3300000002,3,02.09.2024,00,856
Z045,3300000002,3,04.09.2024,04,333
Z045,3300000002,3,09.06.2024,16,1145
Z045,3300000002,3,15.06.2024,09,1012
Z045,3300000002,3,21.06.2024,10,1490
Z045,3300000002,3,23.06.2024,23,1045
Z045,3300000002,3,28.06.2024,02,345
Z045,3300000002,3,03.07.2024,06,266
Z045,3300000002,3,08.07.2024,09,944
Z045,3300000002,3,27.07.2024,00,942
Z045,3300000002,3,27.07.2024,17,1062
Z045,3300000002,3,06.08.2024,10,1277
Z045,3300000002,3,15.08.2024,07,911
Z045,3300000002,3,16.08.2024,00,810
Z045,3300000002,3,16.08.2024,06,332
Z045,3300000002,3,18.08.2024,13,1287
Z045,3300000002,3,28.08.2024,09,1393
Z045,3300000002,3,31.08.2024,10,930
Z045,3300000002,3,03.09.2024,01,508
Z045,3300000002,3,05.06.2024,19,1119
Z045,3300000002,3,08.06.2024,12,1461
Z045,3300000002,3,14.06.2024,22,1400
Z045,3300000002,3,18.06.2024,04,177
Z045,3300000002,3,23.06.2024,02,637
Z045,3300000002,3,24.06.2024,20,991
Z045,3300000002,3,01.07.2024,15,1114
Z045,3300000002,3,02.07.2024,01,566
Z045,3300000002,3,03.07.2024,14,993
Z045,3300000002,3,09.07.2024,02,256
Z045,3300000002,3,13.07.2024,06,478
Z045,3300000002,3,21.07.2024,20,995
Z045,3300000002,3,25.07.2024,14,1306
Z045,3300000002,3,28.07.2024,04,212
Z045,3300000002,3,28.07.2024,07,351
Z045,3300000002,3,05.08.2024,22,777
Z045,3300000002,3,16.08.2024,17,1105.27
Z045,3300000002,3,26.08.2024,01,676
Z045,3300000002,3,31.08.2024,11,1026
Z045,3300000002,3,03.09.2024,19,990
Z045,3300000002,3,04.09.2024,15,1515
Z045,3300000002,3,07.09.2024,07,640
Z045,3300000002,3,10.06.2024,13,1156.45
Z045,3300000002,3,16.06.2024,08,339
Z045,3300000002,3,17.06.2024,04,113
Z045,3300000002,3,20.06.2024,17,1167.77
Z045,3300000002,3,06.07.2024,06,1652
Z045,3300000002,3,08.07.2024,05,129
Z045,3300000002,3,09.07.2024,10,1297
Z045,3300000002,3,12.07.2024,07,613
Z045,3300000002,3,13.07.2024,00,1118
Z045,3300000002,3,13.07.2024,16,1358
Z045,3300000002,3,17.07.2024,21,1169
Z045,3300000002,3,28.07.2024,19,1329
Z045,3300000002,3,01.08.2024,15,826
Z045,3300000002,3,01.08.2024,19,908
Z045,3300000002,3,07.08.2024,11,1343.48
Z045,3300000002,3,15.08.2024,14,1112
Z045,3300000002,3,16.08.2024,02,362
Z045,3300000002,3,29.08.2024,04,166
Z045,3300000002,3,03.09.2024,07,987
Z045,3300000002,3,03.09.2024,16,967
Z045,3300000002,3,01.06.2024,21,1555
Z045,3300000002,3,02.06.2024,19,1337
Z045,3300000002,3,09.06.2024,13,1118
Z045,3300000002,3,12.06.2024,14,1303
Z045,3300000002,3,20.06.2024,20,1201
Z045,3300000002,3,26.06.2024,13,1332.62
Z045,3300000002,3,04.07.2024,19,947
Z045,3300000002,3,12.07.2024,02,362
Z045,3300000002,3,14.07.2024,09,893
Z045,3300000002,3,17.07.2024,10,1333
Z045,3300000002,3,22.07.2024,11,1456
Z045,3300000002,3,23.07.2024,13,1176
Z045,3300000002,3,26.07.2024,21,1139
Z045,3300000002,3,27.07.2024,01,885
Z045,3300000002,3,30.07.2024,14,1303
Z045,3300000002,3,31.07.2024,18,1186
Z045,3300000002,3,11.08.2024,13,1777
Z045,3300000002,3,17.08.2024,02,632
Z045,3300000002,3,19.08.2024,00,743
Z045,3300000002,3,26.08.2024,06,259
Z045,3300000002,3,03.09.2024,04,135
Z045,3300000002,3,05.09.2024,09,1156
Z045,3300000002,3,05.06.2024,06,290
Z045,3300000002,3,10.06.2024,22,1273
Z045,3300000002,3,14.06.2024,20,1642
Z045,3300000002,3,19.06.2024,15,1014
Z045,3300000002,3,24.06.2024,08,952
Z045,3300000002,3,26.06.2024,05,180
Z045,3300000002,3,27.06.2024,04,104
Z045,3300000002,3,04.07.2024,12,1154
Z045,3300000002,3,10.07.2024,09,1117
Z045,3300000002,3,18.07.2024,14,1196
Z045,3300000002,3,23.07.2024,10,1311.7
Z045,3300000002,3,04.08.2024,10,1087
Z045,3300000002,3,08.08.2024,12,1517.7
Z045,3300000002,3,10.08.2024,10,1888.9
Z045,3300000002,3,12.08.2024,16,1146.82
Z045,3300000002,3,16.08.2024,10,1112
Z045,3300000002,3,24.08.2024,17,950
Z045,3300000002,3,27.08.2024,20,1346
Z045,3300000002,3,31.08.2024,18,1072
